item_id,source_key,text,subreddit,company,created_datetime,word_count,label
RTI_0001,c4be4d5c9153cbf1,"Most Anticipated Earnings Releases for the week beginning October 24th, 2022",StockMarket,abbvie,2022-10-22 14:00:33,11,
RTI_0002,b2a92c9edc90d9ed,"Accenture shares - when to sell?. I'm sitting on about 170 acn shares I bought through an employee purchase program about 10 years ago. At this point it's tripled in value. I would like to sell it off and roll it into an investment fund. Something decently aggressive, but safer than everything in one company. With it trading at 120 a share, is now a good time to pull the sell trigger? Or will it keep going up? Thoughts?",investing,accenture,2017-02-15 02:26:59,79,
RTI_0003,787a660222dbeb6d,"JPMorgan Model Shows Recession Fear in Markets Spiking Up to 79%. JPMorgan Chase & Co. says recession fears in stocks acutely tied to America's economy have spiked to nearly 80%, while credit investors remain sanguine even as funding stress threatens to build. 80%?! Nahhh, this is a for sure recession now. Media is playing it down, after tonight global tariffs and 114% tariffs on China, we are already in recession. Tonight and tomorrow is about to hurt, seeing 450 is not a joke anymore...",stocks,arthur_j._gallagher_&_co.,2025-04-08 20:36:22,84,
RTI_0004,f56c9c8cce34b7ff,"Should I keep SCHD in my portfolio?. In my early 20’s. I heard it’s better to focus on market gains as opposed reinvesting dividends, is that generally true? Roth IRA FXIAX : 40% QQQM : 45% SCHD : 15% Basic account Tesla: (20%) Apple: (10%) Google: (15%) Nvidia: (20%) Microsoft: 20%) Amazon: (15%)",investing,amazon,2025-03-29 17:09:32,53,
RTI_0005,9f7aec6afd495a8a,Walmart vs Amazon stock - which one to choose?!. An article I made concerning Walmart and Amazon stock and which one in my opinion is a better buy for the long-term. Check out my youtube channel on the main page!,dividends,amazon,2024-05-31 17:25:53,40,
RTI_0006,475f0d9323373221,MT4 banned. What’s the next best platform to trade with in the US?. I am somewhat new to forex and used to use MT4 in the past. I see that it is banned from the apple store in the US now. What are some other good/reliable platforms that I can use? Preferably some with offshore brokers. Any help would be appreciated!,Forex,apple,2023-01-19 07:32:21,61,
RTI_0007,c247e5b3fa64340b,"AbbVie raises dividend by 10%. From seeking alpha news... - AbbVie declares $1.30/share quarterly dividend, 10.2% increase from prior dividend of $1.18. - Forward yield 6.45% - Payable Feb. 16; for shareholders of record Jan. 15; ex-div Jan. 14. Been picking up more AbbVie recently, started my position when it was close to its high and have been averaging down these last couple of weeks. A 10% increase is great, I hope that they are confident they will be able to maintain this and continue to increase given their patent expiry which is coming in the next couple of years.",dividends,abbvie,2020-10-30 12:00:50,100,
RTI_0008,8e22acd40e443c9c,"Based purely on price action and candlestick shapes/patterns.. I want to get better entry times Chart is 5m on gj, I was using a demand setup",Forex,3m,2024-05-27 22:43:09,26,
RTI_0009,2156afe8c5342937,Airbnb: The Disaster Artist,SecurityAnalysis,airbnb,2020-11-30 23:41:35,4,
RTI_0010,4f85d848a4e605d7,"Investors aren't just buying US stocks anymore: Morning Brief. the February Bank of America Fund Manager Survey, 34% of fund managers said global stocks will be leading the asset class this year, followed by 22% listing gold. Meanwhile, US equities dropped to third in the rankings, with 18% saying the asset class will once again lead this year. In January, 27% of respondents had picked US equities to lead.",stocks,apollo_global_management,2025-02-19 15:28:06,69,
RTI_0011,0cd2bba89867ad23,Finally reached $600 annual income. Our family portfolio contains 70% of dividend stocks ans 30% of growth stocks. Total gain is almost 30% for 2+ years except received dividend payouts. Note about ETFs: we are living in Europe and US-based ETFs are not available in our brokerages.,dividends,altria,2025-07-01 13:59:25,47,
RTI_0012,3405f0c3f60da282,"GameStop Strategy delivers 4 straight profitable quarters. If you told me the EPS and net income ahead of yesterday’s Q1 earnings release, I would have been PUMPED and probably would’ve built irresponsible positions. I also would’ve assumed it was only possible because of a low BTC cost average. You couldn’t script a better GameStop turnaround. From losing hundreds of millions a year, to 4 straight profitable quarters. Cohen is only 1.5 years into his reign as CEO and GME hasn’t even entered its BTC reporting era yet. The GameStop Strategy is delivering. I’m BULLISH",Superstonk,3m,2025-06-11 13:59:39,94,
RTI_0013,aab7c9d8928c0f71,"What would you trim in anticipation to FAAANGLU. Introducing FAAANGLU or FUNGAAAL (FB, AAPL, AMZN, AIRBNB, NFLX, GOOGL, LYFT, UBER) Keen to hear thoughts on what stocks you’re looking at selling to make way for Uber, Lyft and AirBnb. What should I remove from this bag: WMT BRK BABA NFLX FB NVDA TCEHY TEAM TWTR SHOP",stocks,airbnb,2019-02-26 12:00:52,56,
RTI_0014,416579eeaf6bad64,"""most day traders lose money"". just cus you cant do it, it doesnt mean others cant! how much you made ""investing"" this year 2024 ?",wallstreetbets,amazon,2025-01-01 09:01:33,25,
RTI_0015,ef0037331621828b,"Request for market news app/subscriptions. Today a buddy of mine noticed that after hours activity changed subsequent to news of Bessents upcoming Switzerland trip and China trade talks. I missed it. It’s no where on my X feed and no where in my Apple News. I need something reliable that is up to date on the hour. Is there an app, website, or RSS you all recommend?",investing,apple,2025-05-07 04:03:04,67,
RTI_0016,0c743a1e4da09c19,"There are still bad actors in the community trying to divide the community .. RC is a man with his own interest. No one has the right to judge how he feels, this is American were speech is a freedom. We should only judge him on his work. As of right now hes taking zero pay for doing the work as a CEO.",Superstonk,american_water_works,2024-07-25 15:19:52,63,
RTI_0017,b70b988315696f3f,Why GameStop now has a lower statistical probability of bankruptcy than even Amazon,Superstonk,amazon,2024-06-12 16:18:20,13,
RTI_0018,8929cc87198b079c,"Realistically do you think Google will be forced to divest Chrome?. If this happens, what is Google's outcome? It accounts for a third of search. On the flip side, DOJ's threats have provided buying opportunity to other tech juggernauts like Apple and Microsoft in the past. I know no one knows the answer for certain, but I'm curious if anyone has some insight into the situation.",stocks,apple,2025-03-15 18:13:41,66,
RTI_0019,2485e9b986c58201,Under 20$? Is there something I missed?,Superstonk,amazon,2025-02-17 21:43:48,7,
RTI_0020,9ab7ea0d69e40714,"Nvidia Officially Passes Apple in Market Cap, Microsoft is Next (Just 4.43% Away)",StockMarket,apple,2024-06-05 20:11:55,13,
RTI_0021,9716bf3fbcca6037,Earnings Play of The Week. $AMZN Warning: At Your Own risk. Why Amazon? Amazon has taken everything from everyone. All in on Amzn.,RobinHood,amazon,2016-07-24 03:46:00,23,
RTI_0022,fc96fa0c7a385f2b,"How do you do Technical Analysis in Microsoft Excel?. Hello. I want to web-scrape data from the internet using Python and insert them in Excel, then do some technical analysis. One market I am interested in is Real Estate. Thank you for your time. I am open to any advice.",algotrading,alexandria_real_estate_equities,2022-07-11 16:34:14,50,
RTI_0023,fef6104f1761697a,"CRE crisis. Commercial real estate 1 trillion in maturing loans. 20%+ vaccine rates. Unstable smaller banks. March 11 fed fund cut. What yall think. I’m buying puts on CBRE, they are the largest CRE corp.",options,alexandria_real_estate_equities,2024-02-29 03:43:20,35,
RTI_0024,e6bb7a74a81514f7,This has been a grind.. Even a squirrel finds a nut eventually 🙂‍↕️,wallstreetbets,3m,2025-06-07 19:32:32,13,
RTI_0025,cf97f25b24a39df9,Jimmy really smashing the mag today,Superstonk,apple_inc.,2025-05-23 15:35:04,6,
RTI_0026,fedda5aff7072b21,Next weeks economic events and potential earnings,StockMarket,american_international_group,2023-01-22 09:22:39,7,
RTI_0027,06bacac5c106820f,Honest feedback. 23 years old stressed trying to make the right decisions for my partner and I’s future. Seeking advice and opinions on my Roth portfolio… thank you in advance,dividends,apple,2024-07-14 07:35:00,30,
RTI_0028,c1c8ac8b138881e5,Most anticipated earnings this week,dividends,abbvie,2023-10-22 13:03:29,5,
RTI_0029,c9022bdf69aed5ff,Thank you XTIA. It was a good run but unless this company makes a running prototype I see a reverse split or delisting in the future. Idk why I bought it… I liked the stock. Now I like IMUX for a long term potential bag. For all the XTIA holders I wish you the best and have fun!,pennystocks,3m,2025-01-07 16:37:22,58,
RTI_0030,8a713e5f81991494,"IMBBY vs MO or PM. Hi folks. What's your opinion on Imperial Brands (nice dividend / down 8% today) vs Altria or Philip Morris International (smaller, but still good dividends). Is this a good buying opportunity for IMBBY - or stick with the big boys? Thanks",stocks,altria,2020-02-05 15:31:46,46,
RTI_0031,dfd584ec5a256f35,"No article, just a link to RK's tweet lmfao.. No article, just a link to RK's newest tweet. Some of the finest due diligence I've ever seen lmfao.",Superstonk,amazon,2024-06-27 17:21:52,28,
RTI_0032,3d729861487e9561,"Thoughts about my portfolio. As you can see, betting on large cap growth mainly in US and Europe (I live in NL) and some diversification through Japan mid-large cap. Broad horizon, 30+ years (I'm 24 now). I did some reallocation today because of overlap with FTSE All-world and having bought a couple shares in World Healthcare, World Energy, World Materials, Real Estate over the past 2 years. They were pretty underwhelming in terms of performance so I thought why not sink that money in what does grow well (S&P 500 especially). Anyways, curious about your thoughts and any optional ETF's.",ETFs,alexandria_real_estate_equities,2023-07-28 17:37:25,100,
RTI_0033,9ff419e73d0fba22,"Trimming Exposure - Tax Implications. Standard household investor here! I’m a bit uncomfortable with valuations across the board in the equities markets. I have a reasonably balanced portfolio already, with cash and bonds as well as real estate in the mix. However, I’m nearing retirement and I’d like to trim back a few stocks or stock funds just because I’m getting the heebie-jeebies with the markets long flight upward. How to trim? Start with stocks I’ve lost money on, or stocks I’ve made money on? I assume there is a tax angle here which is important.",investing,alexandria_real_estate_equities,2024-10-17 14:49:16,96,
RTI_0034,d44dfe176ba84415,Apple Q2 FY24 income statement visualized,dividends,apple,2024-05-03 07:52:39,6,
RTI_0035,d5bb9c040519c417,[Account Update] broke $4000 / month. Finally reaching 80% of my goal. Keeping my head down and continue to re-invest dividends and my savings from work. Looking forward to reaching 90%!,dividends,apple_inc.,2022-12-05 21:42:14,31,
RTI_0036,18626b1a5af1e9ff,A Letter From Robinhood Co-Founder & Co-CEO Vlad Tenev,RobinHood,arthur_j._gallagher_&_co.,2018-10-12 21:02:29,9,
RTI_0037,96a65e7744de8e78,"DIA vs SPY. Which one is better for an investment horizon of 5 yrs? DIA vs SPY. Already have QQQM and VOO. DIA: 31 stocks Top 10: United Health, Goldman Sachs, Home depot, Amgen, Microsoft, Caterpillar, McD, Boeing, Visa, salesforce.com. (52.6%) YTD returns : 11% 1 yr returns: 41.7% 3 mths returns: 7.8% Expense ratio: 0.16% SPY: 507 stocks Top 10: Apple, Microsoft, Amazon, FB, Alphabet, Berkshire, JP Morgan, Tesla, J&J. (26.5%) YTD returns: 10.25% 1 yr returns: 42.9% 3 mths returns: 5.69% Expense ratio: 0.09%",ETFs,amazon,2021-05-27 13:09:15,86,
RTI_0038,46a64a5f344f5ef4,"I'm a long term investor, here are my Microsoft gains. I wanted to post so people don't think you have to day trade to get ahead",wallstreetbets,advanced_micro_devices,2024-07-03 20:03:35,26,
RTI_0039,40b0444747b8eb74,Prescience Point Capital - The Case for Change at MiMedx Group,SecurityAnalysis,arch_capital_group,2021-05-06 08:33:02,11,
RTI_0040,774e78a9981dc8c9,"When reddit is right ... NIO. Who is the next NIO?! & Travel Stocks. I’ve been combing through reddit pages over the last year trying to learn as much as possible. One thing that is incredible is how early on you were all suggesting NIO. Two questions 1) So who do you think is the next NIO? (Already bought NIO) 2) How on earth do you discover these things?! Outside reddit of course. I want to invest in travel but which ones are the best bet. Looking at TRIP, Airbnb, CCL, NCLH, TZOO, AC.",stocks,airbnb,2021-01-15 03:43:39,94,
RTI_0041,f38c1dec2e39f2ce,"Apple, Adobe and Ansys reached all time highs today. Will they continue mooning? According to some other wsb retard's tEcHnICaL AnAlySiS he has the theory that ATH continue going up for a few days. do you agree? do you have yolos on any of these or did you buy some today?",wallstreetbets,ansys,2020-08-20 22:33:29,51,
RTI_0042,2fcaa6da5e8650a7,"Market Close - January 6, 2023",StockMarket,alexandria_real_estate_equities,2023-01-06 21:17:34,6,
RTI_0043,ead3f12b3d2e7bb6,Last minute SPY amazon earning got burnt. Lost almost 16k in less than 10mins fuck going to be worst day at work ever!!,wallstreetbets,amazon,2025-02-06 21:53:44,23,
RTI_0044,2ed3ad5b59bd5e34,Check out this breakdown of Airbnb (Ticker: ABNB),ValueInvesting,airbnb,2021-06-14 12:12:20,8,
RTI_0045,bfc6035531af5b37,Earnings week of 9/25,options,accenture,2017-09-23 13:38:57,4,
RTI_0046,59f0dd47876b68c5,"Portfolio Advice. Hi all, I’m a relatively new investor - after a lot of research and advice from active users in this group I’ve come up with this final portfolio VOO - 50% SCHD - 30% AVUV - 5% Bitcoin - 5% Nvidia, Tesla, Apple, Amazon, Google - 10% I welcome all advice. The intend was to focus the majority of my spend on 1 ETF from the following categories - S&P, High Dividend, and Small Cap Growth. I welcome any and all advice. Would you recommend any changes to this strategy? Thanks in advance.",ETFs,amazon,2024-12-18 15:29:16,95,
RTI_0047,52a7e37ba2cafeb9,"Garbage Portfolio Update. Garbage Portfolio Update Monthly update for my trash portfolio. It is almost equal parts waste management and republic services inc, plus just a little visa. All three are known dividend stocks. YTD I am up about 13.29%. The sp500 YTD is up about 9.76%. Sometime in March I dumped $1000 in split 60/40 to WM/RSG, respectively. A few days ago I got my first dividend payout from WM, it was something like $3.30, I reinvested that back into WM today. One step closer to being filthy rich.",dividends,3m,2024-04-03 02:38:02,90,
RTI_0048,b870587ac9131557,Feeding 82 moar to the DRS bot,Superstonk,align_technology,2022-09-09 15:22:59,7,
RTI_0049,2b95826c703c27e9,AMD: Still my favorite buy I’ve ever made,RobinHood,3m,2024-03-27 07:51:56,8,
RTI_0050,bd2d35e5d41dbe76,"Markets down except tobacco. The last couple days I’ve noticed that despite the whole market being down BTI, MO & PM have managed to stay green. Considering the fact that they have been dropping all year and are undervalued I see this is a good sign that the bottom may be in for them. Thoughts?",dividends,apple_inc.,2024-04-17 16:55:10,55,
RTI_0051,bec28d221f908b0f,Any thoughts about ABBV (ABBVIE). Apparently they will be opening up clinical trails for a revolutionary cancer drug soon. Any thoughts about investing into this? It's been pretty stable for a long time and this might shoot it up a bit?,stocks,abbvie,2017-06-06 16:12:47,41,
RTI_0052,33a7da49aa68124b,"Advise on EFT's to invest in with Empower Ret...Employer Website.. I’m new at buying stocks, do you guys have any top 3 recommendation stocks on what should I buy for my Roth IRA? List to choose from. Any recommendation is greatly appreciated. Age: 21",ETFs,alexandria_real_estate_equities,2024-03-26 16:04:53,44,
RTI_0053,3428a1f6c4ad5f13,"AirBNB called out for mismanagement of scam listers in ""Vice"" article - IPO in 2020?. Article here Note that the FBI contacted them after the article came out. No response from AirBNB yet that I could find. Think they will be around long enough to get to an IPO?",investing,airbnb,2019-11-04 13:34:00,49,
RTI_0054,0f095002d18cb28c,"Most anticipated earnings releases for the week beginning January 23, 2023",options,3m,2023-01-21 14:01:37,11,
RTI_0055,d12b4f1dc6931e0d,Buffett exits investment in Home Capital Group,SecurityAnalysis,arch_capital_group,2018-12-21 03:10:17,7,
RTI_0056,f163a28c2432d055,SCHY and IGRO. SCHY roaring 20% and IGRO 15% YTD while US markets are slow rn. This is why diversification is important.,dividends,3m,2025-06-30 12:36:43,22,
RTI_0057,a9960ab1760bc009,"Most Anticipated Earnings Releases for the week beginning February 27th, 2023",wallstreetbets,american_international_group,2023-02-24 20:21:01,11,
RTI_0058,ec95bbcb30aba131,"Amazon stock opinions and views. Ive been thinking about getting amzn on my long term portfolio for quite a while now. Their business revolves around e-Commerce, AWS and advertising and they have been investing resources on AI which can make the business even better. They have a forward p/e of around 30 which for a company like Amazon is quite low imo. Want to hear opinions on why you guys think this is good business or not, and what you guys think can damage the Amazon brand in the future.",investing,amazon,2025-03-20 17:53:47,90,
RTI_0059,e5eff728b9e2ff74,"Articles and other information on basic investments, Bonds, Forex, Insurance, Investing, Markets, Mutual Funds, Real Estate, Retirement, Stocks, Trading, and more",Forex,alexandria_real_estate_equities,2013-12-28 01:38:07,21,
RTI_0060,0b99c784254b0179,What do you think I should I do?,wallstreetbets,american_water_works,2022-10-26 18:49:51,8,
RTI_0061,5599201e0463a6e9,"Question regarding Fidelity's American Express card which earns you 2% of purchases directly deposited into your Fidelity account.. I've been trading within my IRA with Fidelity. I just noticed that they offer an American Express card that earns you 2% back from your purchases that is directly deposited into my Fidelity account. I think it's a great offer, but I'm not crazy about American Express. Has anyone seen other trading companies offering similar deals with Visa or Mastercard?",investing,american_express,2014-01-10 13:01:31,78,
RTI_0062,f1c04c261e526d41,"June 3rd BRK.A $185 glitch and June 7th DFV 1.8B glitches via CAT may be 2 halves of a related coin. BRK.A glitch happened hours/same day as reported that WB was heading to Argentina, and an Argentine ETF & several other S. American stocks glitched. June 3rd had 2nd highest of equity CAT errors",Superstonk,alexandria_real_estate_equities,2024-06-22 00:01:11,54,
RTI_0063,b3da8dec25da5269,When will we receive dividends earned from Apple yesterday?. How long does it typically take?,RobinHood,apple,2018-05-02 16:08:17,15,
RTI_0064,799f8273436bf4e7,"China Just Had a Lost Decade. Amid the news stories of an economic slowdown in China, real estate problems, and some headlines predicting a lost decade for China... I did a quick check and realized, they already had one. Several common ETFs for investing in Chinese stocks have done a round trip over the last decade. At the same time, pessimism is reaching new highs. Of course, many say that's for good reason.",stocks,alexandria_real_estate_equities,2023-10-18 01:40:31,73,
RTI_0065,ab8909e098343f0b,"AMD earnings: Intel’s data-center surge will be a tough act to follow. Advanced Micro Devices Inc.’s sales of server chips may get heightened scrutiny following a surprise jump in data-center sales reported by larger rival Intel Corp. Expectations may have been changed, however, after Intel topped Wall Street estimates for data-center sales by about $800 million. AMD shares fell 2.6% Friday in the wake of Intel’s report, as Intel stock enjoyed its best day in two years and hit its highest prices since the dot-com bust.",StockMarket,advanced_micro_devices,2020-01-26 20:37:49,86,
RTI_0066,eee80bd21c947545,"Highest Earnings Volatility for the Week of December 18, 2023",options,accenture,2023-12-15 15:55:05,10,
RTI_0067,3b811fc9841ac35d,"May 23 Options Chain. Just for fun, anybody have a call(s) / or put(s) with May 23rd expiration ? That’s my birthday and I want to buy more options. I have call orders pending on Amazon & Nividia but let me know what you’re in! I’m watching for more plays right now. Doesn’t have to be May 23 lol but I’m mostly going long and buying lotto’s. I’ll post my calls if they get filled 👍🏽",options,amazon,2025-04-10 14:44:52,76,
RTI_0068,58694efa772b5289,Not the most degen shit you’ll see. Went full tilt spy 0dte and lost abt 5k total before I went into googl and clbr calls. Which both dropped abt 3.5k after I bought them. But I held until they paid and they inevitably did thankfully.,wallstreetbets,3m,2025-06-27 21:24:34,45,
RTI_0069,0c611f26231f73ee,"6/12/2025 GME Short Volume: 76.3M 🫨. Correct me if i’m wrong but this is the largest recorded short volume on chart exchange, even surpassing the short volume recorded from last years “price action” in may/june. Previous High: 6/7/2024 64.4M short volume on 149M total reported volume Today was 76.3M short volume on 113.2M total reported volume",Superstonk,3m,2025-06-13 01:13:31,56,
RTI_0070,93417f00797f0efa,"AirBNB IPO this week (Dec. 10). Shares $44-50/each.. The time is finally here. 51.9 million shares will be available on Thursday. The question is: are you buying then or waiting? Pretty incredible to see Uber IPO then dip for a while, only to regain its opening price in the past few weeks. Do we think ABNB will do the same?",stocks,airbnb,2020-12-06 16:43:50,60,
RTI_0071,f0a79bcf7f6537dd,To make some e z cash. BRPA (neurox) passed on the news friday. Results expected next week.. News expected next week. This drug blocks the virus from binding and replicating. Increases the surfactant layer production. (What transfers oxygen from air to blood) (What repairs the lungs) Reduces the production of inflammatory cytokins. ( what causes covid-19). BRPA has 600 000 float. Its going to FLY when news is announced. Less than a million people can own a share. Moved from 36-60 on hardly any volume. I can see this hitting 100s easy peasy.,StockMarket,air_products,2021-02-07 00:38:10,93,
RTI_0072,5aa3203dc1a0f091,Dividend Aristocrats In Focus Part 36: AFLAC (AFL),dividends,aflac,2014-11-08 19:37:24,8,
RTI_0073,e6123c99ebf38521,"Why does the market drop like this when it closes?. I invested R500 into Nvidia on IQ Option and after the market closed it automatically closed my position to prevent more loss because I was using leverage. I lost the entire R500, not because of my stop loss but because of the app. Why does the market drop like this when it closes?",StockMarket,3m,2024-08-08 15:26:50,63,
RTI_0074,3889dfedea21f1b0,"Most Anticipated Earnings Releases for the week beginning January 30th, 2023",StockMarket,arch_capital_group,2023-01-27 23:47:40,11,
RTI_0075,f9973cabfb4c5dd6,AAPL Triple top on weekly into earnings! Puts time?!? 📉,wallstreetbets,apple_inc.,2023-05-03 05:49:27,10,
RTI_0076,b6b60f37b46f850d,"ETF that holds a lot of META,Microsoft,Amazon,Nvida,Alphabet ???Not S&P500 smaller holdings portfolio!!! 50 holdings maybe??. Please if you know ETF that have most of its weight in this 5 stocks??? AThank you and alll the best",ETFs,amazon,2024-02-01 17:05:49,36,
RTI_0077,63b26026360c7e12,"Equivalent of Irish domiciled ETFs for individual stocks ?. I'm looking to buy individual shares of Apple and Microsoft. Given that both companies distribute dividends with a 30% withholding, I'm wondering if there are individual stocks of Apple and Microsoft based in Ireland and listed on the (LSE).",ETFs,apple,2023-11-13 23:11:17,48,
RTI_0078,14731acceabac60a,"Branchout Foods (BOF). A small food company with a low float ( 4.4M, 6.8M outstanding). Great news today about revenue growth and up 30%+ in pre-market. Currently around $1. They’ve also been expanding their operations and are building a new production facility. Contracts with major store chains, gov’t contracts and potentially more in the pipeline. 2500 @ .75",pennystocks,apple,2024-08-28 13:04:06,58,
RTI_0079,b7f34377d39f6b19,"You can see a clear difference from when I just started out and bought rumor stocks to now, actually looking into companies and their potential for growth. The recent growth is also due to getting a much higher paying job for a 19 year old and being able to buy a lot more stock.",RobinHood,3m,2017-09-11 02:17:56,54,
RTI_0080,cfe5d0588f59a5b1,What’s the read?,Superstonk,apple,2025-04-04 19:10:03,3,
RTI_0081,34d3a2de8f9f60dc,"Lisa T. Su Sells 76,496 Shares of Advanced Micro Devices, Inc. (NASDAQ:AMD) Stock",ValueInvesting,advanced_micro_devices,2024-12-19 10:34:44,13,
RTI_0082,bf71ea93b0062d10,"New Alexa Valuation Skill - Looking for feedback. Hi All - we have added a fundamental valuation skill to Alexa called ""Stock Calc"" It is a free skill - Would appreciate any feedback. The skill tells you the fundamental valuation of a stock, its price and the % difference. Ex's Alexa, American Express using Stock Calc or Alexa Atlanta Gold on the TSX using StockCalc Thanks very much",stocks,american_express,2019-02-13 13:40:34,68,
RTI_0083,fc8ca1a8c986dbc1,Best American banks to work with Coinbase. I opened a US based bank account and was using it to buy USD coin from Coinbase and transfer it to Coinexx for trading. Then I would bring profits back to the US through the same channel. I did this a few times and my bank here in the States closed my account. They said they didn't allow the purchase of crypto through their bank. Is this a common problem? Are there any banks you could recommend to work with?,Forex,american_water_works,2021-01-14 02:17:25,87,
RTI_0084,6ac4f38c82fcb308,"MTFE Trading: Real Or Fake?. Guys... has anyone heard about this Canadian company called Metaverse Foreign Exchange Group, Inc.? It is taking my country by storm. They claim to have been operational since 2017, but they were trading physically and found more success once they incorporated AI trading. People are depositing thousands of dollars into it with 2% daily returns. Who here has had success with AI trading to convince me such daily returns are possible? They have an app in the Play Store, and their website is mtfe.ca.",Forex,arch_capital_group,2023-05-31 17:01:12,89,
RTI_0085,52de11aaf0c312f2,Pretty happy with my returns,RobinHood,3m,2017-09-15 15:59:56,5,
RTI_0086,3bc1cdd4c8410513,19 (M) how am I doing.. I opened this Roth IRA at the beginning of the year. This is all I’ve been able to invest. I also own about $200 worth of apple and another $70 of Costco. I’ve been thinking of just contributing to VOO and nothing else. I know it’s not much but I guess something is better than nothing.,StockMarket,apple,2024-10-29 05:12:01,62,
RTI_0087,b79427f60a56446e,"RIP my Trading Career 6/13-6/27. Technically 6/27, but whatever.",wallstreetbets,3m,2025-06-17 22:49:19,9,
RTI_0088,4347c1499f2c8825,"Realistically, who do you think PSTH will acquire?. Rumors have been floating around and it seems like many think it could be Airbnb or Bloomberg. What's your prediction on who this SPAC will target?",SPACs,airbnb,2020-07-27 20:13:06,34,
RTI_0089,64954244bf0e402d,Im 37M this are my holdings and I contribute annually 40k. How is look for the next 15 years ahead?,ETFs,apple_inc.,2024-12-07 15:56:31,20,
RTI_0090,0ac0ccd96e42c510,Really proud of myself. I started this paper trade account based off of some investment ideas I’ve wanted to get involved in and about 2 weeks ago I gave myself a realistic 25k and today I’ve made all my money back plus almost 6k. I’ve got about 2k of real money doing something similar it feels so good to have set a goal and to have smashed it so soon.,StockMarket,3m,2024-08-20 21:10:12,70,
RTI_0091,18311dc07da671d1,"Any resources to see what a good real estate investment thesis looks like?. Hi all, I am applying for a role at a real estate private equity investments firm and was just wondering if anyone here has resources that might show what a good real estate investment proposal might look like. Thanks for any help!",SecurityAnalysis,alexandria_real_estate_equities,2019-01-13 08:44:47,55,
RTI_0092,119fd97dabeec13c,How much % of my money should I have invested?. Both my IRA and Taxable account have a combined $10k in VOO & QQQM. My American Express high yield savings account also has 10k at 4.10% yield. Would it be wise to invest more than 50% of my money at 20 years old?,ETFs,american_express,2024-10-17 01:33:46,53,
RTI_0093,798191ff7fc067cf,Are these gains sustainable?,Forex,alexandria_real_estate_equities,2022-10-03 12:54:03,4,
RTI_0094,f893e74600b77991,"What should i do with the ARM shares bought at IPO 🤔. After heaps of research and hearing pundits stack up plaudits on how Arm ticks all the boxes for a future ten bagger( moat, profitable, industry leader, massive market share, backed by giants like Google TSMC Amazon, AI play expected) .. why is it tanking from day two !",investing,amazon,2023-09-19 17:11:22,60,
RTI_0095,ebb42642717cd125,"Apple (AAPL) circa 2004 the ultimate value play. Anyone here hit Apple huge and invested back in pre 2004? If I can recall windows dominated, Apple was on the verge irrelevancy. Then came the iPod which was the start of everything changing… Would want to get someones perspective in that timeframe of what made them invest in Apple at that time and what it felt and looked liked to them in that moment.",ValueInvesting,apple,2024-06-24 03:22:18,73,
RTI_0096,7bf1c67b5074f7cf,Morningstar data on the top 15 wealth destroying funds over the last 10 years:,StockMarket,alexandria_real_estate_equities,2024-02-05 20:45:39,14,
RTI_0097,50775ad68752f6a2,"Most anticipated earnings releases for the week beginning august 21, 2023",options,arthur_j._gallagher_&_co.,2023-08-18 15:31:08,11,
RTI_0098,69e08e5f8b69f51d,AMD DD. Position: one-third of my portfolio invested.,wallstreetbets,advanced_micro_devices,2025-01-10 21:12:16,8,
RTI_0099,e6bd4723a6fb0b66,"$MO DRIP Slave. the snowball rolls on +187 shares 👍 called the CEO to see if he wanted to hang out, he hasn't returned my call :( I'll keep DRIP slaving til he calls me back (do not buy Altria stock, tobacco is bad for you (not financial advice))",dividends,altria,2023-10-12 03:39:04,49,
RTI_0100,ac14b91d89bd5daf,AFLAC Is Even More Attractive After Earnin,dividends,aflac,2016-05-14 13:42:11,7,
RTI_0101,be8ba6609c2c49b3,"Fund Update: SUSQUEHANNA INTERNATIONAL GROUP, LLP increases GameStop (GME) holdings",Superstonk,american_international_group,2024-11-14 23:17:57,10,
RTI_0102,02629ae8072d27ac,"Summarized versions of S1 filings?. Cross posted from r/investing. S1 filings reveal a lot of insight and information about companies that are about to go public. Most of them are 150 pages or more. Door Dash just filed their S1 and there's rumors of many others filing over the coming months like Airbnb, Wish and Roblox. Looking forward to reading them but wish there were condensed versions. Does anybody know where one could find S1 filing summaries? Kind of like Coles notes version.",stocks,airbnb,2020-11-16 04:14:05,83,
RTI_0103,1759817761130a44,Philip Morris International and British American Tobacco: At the Forefront,ValueInvesting,american_international_group,2023-02-12 21:17:46,10,
RTI_0104,295974a456c72330,"Most Anticipated Earnings Releases for the week beginning October 17th, 2022",StockMarket,american_express,2022-10-15 13:46:43,11,
RTI_0105,f6da3f20ed2a6441,"Don’t worry Jimmy, this rat got off that sinking ship",wallstreetbets,arthur_j._gallagher_&_co.,2022-10-28 10:47:49,10,
RTI_0106,aec9791d780563b6,Steve Jobs Resigns as CEO of Apple,SecurityAnalysis,apple,2011-08-24 22:44:17,7,
RTI_0107,9535ad23d9e7934d,"When we start getting ads for the American Express Centurion Card (also known as the infamous “Black Card”) we’ll know we’re close. The most exclusive card in the world, invitation only, has high fees but bend over backwards concierge service and perks.",Superstonk,american_express,2021-09-16 14:36:57,42,
RTI_0108,bf48b2bf662ad8ad,Airbnb. Looking for everyone's thoughts on if Airbnb will use a SPAC to come to market?,SPACs,airbnb,2020-07-26 03:28:43,16,
RTI_0109,ca8c57459d3e0943,I am 15 and I have started saving since about 4 months ago. Do you have any advice? Here is what I have invested in: ( I can only invest in funds since I need parental confirmation through the bank to invest in funds),StockMarket,alexandria_real_estate_equities,2024-01-21 13:17:33,44,
RTI_0110,b1d49523cb0f866d,"Gretsky said ""be where the puck is going, not where it is."" Tech is where the puck is right now. Be different.",wallstreetbets,alexandria_real_estate_equities,2024-02-16 14:18:46,22,
RTI_0111,5ddc557da5cc16df,Introduction to Singapore's residential real estate market,SecurityAnalysis,alexandria_real_estate_equities,2021-11-07 03:59:42,7,
RTI_0112,31417fe0002590c4,"I’m loyal to the game, and the game is loyal to me too. Is this considered insider trading?",wallstreetbets,3m,2025-06-11 23:41:58,18,
RTI_0113,1575c09c7df33062,"Investment Help. I am 40 and am looking to begin investing in dividend stocks to make my money work for me. In the past I’ve been told to invest in companies I buy from Amazon, Walmart, and such… I am looking for maximum return on investments, not really concerned with risk as I am looking at the long term. Any guidance is appreciated.",dividends,amazon,2023-01-24 14:37:33,63,
RTI_0114,8ecb2ec06b00583c,"bought LEAPS AAPL, 150C JUN24, should I sell?. Last year I purchased 3x AAPL contracts, 150C JUN24, as I today I started wondering if I should just sell them, I'm currently up 1% since AAPL traded red in the last days, so should I just get out of the position? The reason of the buy was purely because I believed in AAPL rise in the following year, but I usually only invest in ETF for SP500, I never do options and I'm not that knowledgeable, I wanted just more exposure to APPL. Thank you",options,apple,2024-02-20 15:28:01,94,
RTI_0115,d0bd909bdcf515bd,What’s the move for tomorrow?? Tesla & Apple. Are y’all thinking about buying right away if y’all havent bough my already or watching it Monday and Tuesday?,RobinHood,apple,2020-08-30 18:38:13,27,
RTI_0116,929e1536619d8ee2,"Reuters Report seems to think it’s a pretty good stonk 👀. So updated as of two days, Reuters seems to think we have an elite level stock on our hands, so what should we do? Sell! (According to the analysts covering GME, obviously short🤡🤡🤡)",Superstonk,arch_capital_group,2023-09-12 14:30:28,44,
RTI_0117,9a47bfface3c0b6c,Exact TP hit. My entry for tonight on EUR/USD Paper Trade,Forex,3m,2025-01-27 03:24:23,11,
RTI_0118,14d32d0701b0a56b,"General Inquiry. Hey peoples, I saw that Doordash and Airbnb were releasing their IPOs sometime this month (I know these aren't pennies) but, I wanted to hear a consensus on if you guys think they are a good long position.",pennystocks,airbnb,2020-12-03 07:07:00,40,
RTI_0119,1b9c798de5174305,"Brendan Wood TopGun ETF ""BWTG"" Tops 24% In Its First 100 Days. According to its Prospectus, the ""BWTG"" portfolio aims to invest in global companies rated as TopGun investment targets by investment professionals worldwide. First quarter holdings include Amazon, ASML, Costco, Crowdstrike, Nvidia, Microsoft, Progressive, ServiceNow, Snowflake and TransDigm. ​",ETFs,amazon,2024-03-08 13:28:35,50,
RTI_0120,068d64b0fc98c70a,"Monday Puts on Walmart, Amazon, Target, Starbucks, GE and all US carmakers, calls on Korean/ Japanese car makers and electronics for gains. Looks like if we are smart and make the right puts and calls we’re in for a really good week ahead!",wallstreetbets,amazon,2025-02-02 19:38:43,43,
RTI_0121,2d413f8da4262531,"LONG-TERM AGGRESSIVE GROWTH PORTFOLIO. Hi everyone! I’m 22 years old and seeking aggressive growth for my portfolio. I have 500K to invest in this portfolio. I’d be very grateful for your feedback regarding the ETF weights. I’ve incorporated AAAU in the portfolio for hedging purposes, as I believe the inflationary epoch will continue.",ETFs,apollo_global_management,2024-06-21 10:22:16,53,
RTI_0122,3f2287694def74f7,UNIS is set to take off with impending AMGEN deal. Anyone else watching this. Deal has been in the works for several weeks. AMGEN paid 15 million for exclusive negotiating rights. Ever since UNIS has been going up and down depending on if people think a deal is close or not. Based on AMGENs recent earnings call I believe a deal is an extreme possibility and could reap 100-200% gains for UNIS.,stocks,amgen,2016-02-18 03:24:56,72,
RTI_0123,25b6b1f759e9e71c,"Almost $300 in one day, love dividends!",dividends,arthur_j._gallagher_&_co.,2022-09-27 14:52:47,7,
RTI_0124,bd1372a0c3bc5eb4,"Apple to the Floor. Apple stock has finally touched its long-term resistance point since August of last year and based on the last three times this happened, we saw a short and long-term decline back to support levels. Now saying for AAPL to retest long-term support around the $120 mark is quite a long shot, however, I do believe we will see some sort of selling pressure very soon forcing the price to fluctuate between $166 (which is almost $1.30 away from current price) and $157 (yellow line below) so keep an eye out for puts! $AAPL 4h timeframe",wallstreetbets,apple_inc.,2023-04-08 17:46:30,99,
RTI_0125,11e0970010f2b30b,"AMD vs STM microelectronics. Which stock has better long-term potential: STM (STMicroelectronics) or AMD (Advanced Micro Devices)? I'm curious to hear thoughts on their growth prospects, market position, and overall value. Which one do you think is a stronger pick for the next 5-10 years and why? amd stm",ValueInvesting,advanced_micro_devices,2025-02-17 03:51:54,49,
RTI_0126,b87361b08b19c526,"Spain based managers. I am scouting managers in Spain. Does anyone have any suggestions of independent managers of public or private funds focused on the listed equities of great European or Global businesses, based out of Madrid or greater Spain? Who is the Li Lu of Spain? Thanks!",SecurityAnalysis,apollo_global_management,2018-04-05 14:01:37,48,
RTI_0127,6944c0c703449979,"Literally all of biotech has returned to its 2000-2005 BATTLEGROUND status. what the fuck guys. they're selling everything. I think the industry is going to consolidate if there is any political confirmation of pricing change. Who buys who? Aside from AMDA & ATEC of course.. I'm thinking Intercept gets bought. Abbvie merges with another big-dick-biotech to become a superpower. Valeant I don't even know any more... WTF. Eli Lilly & Co at 77s?! Are you kiddin me? BLUE whipsaws, BMRN, CELG whipsaw. CRAZY",wallstreetbets,abbvie,2015-10-22 01:28:26,83,
RTI_0128,6fb7a03857207389,Tuesday February 28 Earnings,StockMarket,aes_corporation,2023-02-28 02:23:28,4,
RTI_0129,8d6740534ea21f1d,"Best FX prop firms for 2025?. DISLAIMER: I am located in the U.S.A so many reputable prop firms are not available to be (FTMO, 5%ers, etc) I filtered some prop firms that meet my requirements (listed down below). I have mainly been looking a E8 markets but I was wondering if anyone had any comments about these top 5 \^\^\^ positive or negative. (E8 markets, Alpha Capital Groups, Maven, Funding Traders, Funding Pips) Filters used. 100k account, Accepts USA clients, FOREX, 2 Step eval.",Forex,arch_capital_group,2025-01-02 13:37:09,84,
RTI_0130,a39c3d98292ebec3,Magnificent Eight - Net Income Comparison,wallstreetbets,apple,2025-02-12 08:36:05,6,
RTI_0131,c48356e7315e1664,This is my portfolio. Will be adding to these and others for the next 20/25 years.,dividends,arch_capital_group,2023-08-29 12:53:29,16,
RTI_0132,61a2a0341169e192,24 Dividend Stocks With Fast Growing Dividends,dividends,abbvie,2024-02-13 12:24:19,7,
RTI_0133,4db9109398c34e06,Thank You NVDA and META ! Time to diversify and slow down for the summer. What you all regards think ?,wallstreetbets,3m,2025-06-05 13:56:26,21,
RTI_0134,49a5dded7f9558c7,"Apple to add AI Search to Safari web browser in response to Google. Apple Inc. is “actively looking at” reshaping the Safari web browser on its devices to focus on AI-powered search engines in light of the potential collapse of its Google deal and broader industry shifts. Eddy Cue, Apple’s senior vice president of services, made the disclosure Wednesday during his testimony in the US Justice Department’s lawsuit against Alphabet Inc. The heart of the dispute is Apple and Google’s estimated $20 billion-a-year deal that makes Google the default offering for queries in Apple’s included browser.",wallstreetbets,apple_inc.,2025-05-07 15:49:09,96,
RTI_0135,e4e125ba1334c817,Thoughts on 2025 Stock Market?. What are your expectations for 2025 stock markets? I’m worried about a global bear market. Too many uncertainties around the world. Chinese real estate market is increasingly becoming problem. Many experts believe the Chinese government intervention would not be enough. Germany and France both of them are going through economic and political turmoil. Some expect Germany would go into recession. South Korea and Japan’s currencies are plummeting. Political disaster going on in South Korea. Their real estate markets are getting worse as well. The list goes on. Anybody can cheer me up?,StockMarket,alexandria_real_estate_equities,2024-12-28 04:58:13,97,
RTI_0136,1236d90759545e42,"“The Lockbit ransomware group announced that it had breached the systems of Federal Reserve of the United States and exfiltrated 33 TB of sensitive data, including ‘Americans’ banking secrets.’” I would guess some of these ‘secrets’ have to do with GME, but that is purely speculative.",Superstonk,american_international_group,2024-06-24 13:55:02,46,
RTI_0137,e22192e7eb00a15e,"Cheaper alternative to IGM?. I would like to have a tech ETF and I like FTEC very much. However, it doesn't hold stuff like Amazon or Google. That led me to look into IGM, but it's ER of 0.46% makes no sense. What do you guys suggest? Should I pair FTEC with something? Is there a cheaper IGM out there? edit: I have considered FTEC + QQQ, but QQQ is not tech. It only looks like it right now.",ETFs,amazon,2020-08-03 20:52:31,79,
RTI_0138,0e78d7d66a2af065,Long term AAPL gains. LTBH never fails gents.,wallstreetbets,apple,2025-02-04 23:59:49,8,
RTI_0139,eaf54d469261823a,"Amazon stock falls after first quarter sales, profit outlook disappoints",StockMarket,amazon,2025-02-06 21:10:17,10,
RTI_0140,10354bdf9e8aa7fe,Running hot right now,wallstreetbets,3m,2025-07-02 20:30:41,4,
RTI_0141,8ae94c841e896d35,"Up 3-4% in my first month.. Have BABA, MA, HMNY, and APPL. Dropped NIKE and AMD previously. Is being up 3-4% in my first month decent? I see ppl with like 20% in a month.",RobinHood,apple,2017-09-22 15:36:19,35,
RTI_0142,ec2472679319b6fe,"What stock have you found is undervalued at this moment in time?. I had been doing a lot of digging into undervalued stocks and I'm curious what others have found. By the way I've been using gurufocus as my initial filter and currently am further exploring the undervalued stocks of apple, oracle, and joy global.",SecurityAnalysis,apple,2013-11-04 00:08:26,55,
RTI_0143,2af548daf61a4093,"The US government bought $290 million of Nplate, which is used to treat tissue problems for medical conditions, as well as following nuclear emergencies. Nplate is created by Amgen (AMGN), which is currently up 6.2%. Do you think AMGN is a good buy?",wallstreetbets,amgen,2022-10-11 16:12:59,43,
RTI_0144,f980cccba27dd012,$nga / Amazon and The Lion Electric Company have entered into a master agreement for $1.1 billion in new electric truck purchases,SPACs,amazon,2021-01-09 06:10:00,22,
RTI_0145,cdc45c3462bdee62,Mixed Recession Signals. Amex reports 39% growth in travel and entertainment expenditure. “Travel and entertainment spending grew 39% YoY” Amex chief executive Stephen Squeri Record level of bookings witnessed on Amex’s Resy restaurant platform! Mixed signals everywhere! Recession,StockMarket,american_express,2023-04-21 00:57:26,38,
RTI_0146,76f863dc72365cb7,"Appples Iron-Man Run. How is apple holding up so well when everything else to going to shit/having high volatility? I may be entirely regarded but I have such strong intuition right now that there's going to be another scare/mass sell off due to it staying to strong, am I completely misled on this? Is there some reason Buffet has been continuously selling off his apple stock and its done nothing but skyrocket? Am I schizo-posting?",wallstreetbets,apple,2024-08-07 18:39:44,75,
RTI_0147,622a82fe0372be96,When u lose money but it’s ok because you’re holding long term,RobinHood,3m,2017-12-28 23:22:49,12,
RTI_0148,28550e755becaed0,"Pfizer in 2024. Abbvie is my only position in this sector and i'm looking for another undervalue, long-term income dividend stock. Yield is currently at 5,7% , there are a lot of insiders buying shares but most analysts recommend ""hold"". What do you think?",dividends,abbvie,2023-12-27 01:13:15,44,
RTI_0149,896bc032ee099f8a,"Position update with charts/levels & prediction for $SB. I have added to my position since my last post, Im now up to 225 contracts at an average price of 0.072 per con. Also added a couple crayon drawings, red line is the exp date of the options. $5.50 or higher by 2nd week of June",pennystocks,3m,2025-02-22 20:10:51,55,
RTI_0150,b6c86a9f3d77ddfd,"Single Stock Vs ETF. What's the reason one should invest single stocks like apple, MSFT, HD vs buying a ETF?",dividends,apple,2024-10-16 05:16:00,20,
RTI_0151,d66363147fe36e14,Elon Musk is a genius. Tesla is gonna roar back.,StockMarket,3m,2025-04-09 20:03:20,10,
RTI_0152,a4e16a78704a8300,"May 1st earning plays. Earnings coming out from a few names you may recognize: Pfizer, Archer Daniels, Avon, CBOE, Thomson Reuters, Chesapeake Energy, CBS, Motorola Mobility",StockMarket,archer_daniels_midland,2012-04-30 21:53:41,26,
RTI_0153,0f4ab0fe41bbbff0,CRCL Losses. Was up almost 40k at close yesterday and got greedy. -28k realized and another 10k guaranteed loss tomorrow. 190/200 and 175/185 put debit spreads. Also lost some on far OTM “protective” calls. Roast me.,wallstreetbets,3m,2025-06-26 23:56:11,36,
RTI_0154,84bb4ce7dc266fda,"After 4 months, SPY has finally hit an all time high again",wallstreetbets,3m,2025-06-27 06:35:00,12,
RTI_0155,44d6a639c8fc8742,Can anyone tell me the difference/preference between these two?. They are generally the same right? Is there a better choice or doesn't it matter?,ETFs,3m,2024-02-15 14:34:07,24,
RTI_0156,7efa5621ef7990d9,Have I just had insanely bad luck the last month or is the stock market going down??. I have apple and VOO which are my main ones. Ever since 2022 it feels like what was progressing really well is now only going downhill. I don’t wana lose money does anyone else whose a more seasoned investor have any advice / know wots going on ??,RobinHood,apple,2022-01-22 21:58:56,65,
RTI_0157,f9fe0c44567e385b,$INND. Hearing Aid Company. Biden outlines plan to expand health programs as part of domestic spending bill. check this out. might be a huge opportunity!,pennystocks,apple,2021-10-28 16:59:55,25,
RTI_0158,dbf55048a77e7daa,"I guess im taking it @ 93$. ​ I guess I am taking it :s Building up a larger position for the next 1 - 3 years in $TLT \-Put for -Put , every 0,50 cents downwards 93/92,5/92/91,50/ into the high 80´s Forget 1 Apple a day, 1 $TLT per week :3",options,apple,2023-09-22 12:35:08,52,
RTI_0159,4e450774919c6e93,Equities have typically peaked months before a recession,StockMarket,arch_capital_group,2023-01-02 05:35:50,8,
RTI_0160,4aca115f2701906e,How is that possible that every stocks have the same jump of that magnitude?. Can someone explain why is all the stock have the same jump today ? Who is creating that ? And why every stock affected the same way? I understand that they were a news about a possibility of pause on tariffs but why the same reaction to every stock affected?,StockMarket,apple_inc.,2025-04-09 17:33:35,64,
RTI_0161,26360f7033812696,Apple Watch App still unusable?. Hadn’t tried it for awhile but seems like it still just sticks hung at the logo and closes. Anyone have success?,RobinHood,apple,2017-11-07 14:38:50,26,
RTI_0162,b22919a61ae2b349,$GOOGL -6% fup rumors Apple new AI search engine. —Alphabet (NASDAQ:GOOGL) saw a 6% drop in share value following news that Apple (NASDAQ:AAPL) is contemplating the incorporation of an AI-powered search feature in its Safari web browser. what do you guys think? If Iphone users switch to Safari search instead of Google this could be terrible fr the company. I know $Googl is not just search engine but it’s still their core business,ValueInvesting,apple,2025-05-07 15:50:07,73,
RTI_0163,c37418d75e705996,"brk is 30% of apple stock.. now apple PE is 34 and BRK’s PE is 14.5 What does this mean? Does it mean I am paying 34+14.5 times the earnings for Apple stock?. Or does it mean I am paying 14.5 times apple earnings if I buy BRK? Does this mean, if BRK is earning 100$ from it’s holdings ( respectively their holdings %), I am paying 14.5 times of it? Doesn’t this mean BRK is too cheap to buy? Compared to many large companies considering it’s rock solid steady performance? Quite immature question but just w",investing,apple,2024-08-28 19:24:43,97,
RTI_0164,185c66aa24dc7693,Redditors give me your opinions. 23M. I’ve started in the end of last year (November). My main focus is growth but solid dividends too. Long term I think on retiring in Brazil. Most of my family members lives there.,dividends,arthur_j._gallagher_&_co.,2024-05-06 17:38:46,39,
RTI_0165,bf248abf9d8db229,"$RDAR RAADR Retains K & J Growth Hackers, an Award-Winning App Launch Firm to Market and Grow Its User Base for Its Anti-Bullying Social Media App and Platform.",pennystocks,arthur_j._gallagher_&_co.,2023-08-03 15:42:57,28,
RTI_0166,fcb2599ddb231da9,My dividend investing so far. I’m 20 (21 in a month) and hoping to be around 45k invested by next year!,dividends,arthur_j._gallagher_&_co.,2022-12-31 06:59:56,21,
RTI_0167,c64cc8e1973b1284,PepsiCo $PEP and Johnson & Johnson $JNJ have outpaced $QQQ since the ETF launch in 1999 Slow and steady...,dividends,arthur_j._gallagher_&_co.,2022-11-29 14:25:04,19,
RTI_0168,418d74c5201a1a1b,"ABNB ER. $ABNB ER Airbnb reported $117 million in net income for the quarter, up from a net loss of $19 million a year earlier, its first-ever profitable Q1. They also announced a $2.5B stock buyback. Down 10% after hours, any regards with calls. Also the guy who said get puts was finally right.",wallstreetbets,airbnb,2023-05-09 20:27:24,54,
RTI_0169,53023fceb7469e7c,"Buy?. This stock has dipped pretty low, a fairly new company. I only know of like 5 of the restaurants they own and the ones I know are pretty decent. Good time to load up on 1000 shares right????",StockMarket,3m,2025-01-31 17:09:28,39,
RTI_0170,f7fb9e3c65380fd7,3M MMM. How low will it go? Are you buying 3M now or waiting for certain price? Will 3M get up to $200 in 2020?,stocks,3m,2019-10-03 15:04:10,25,
RTI_0171,e4682d166085b317,"Most Anticipated Earnings Releases for the week beginning October 31st, 2022",StockMarket,albemarle_corporation,2022-10-29 12:12:55,11,
RTI_0172,1d3f3dbcaf57233d,"What can I do to make my portfolio better. I’m honestly pretty new and invested most of this back in the 2020 dip, got another job so got some more income coming in to continue investing. Any tips on the portfolio and where I can invest into?",StockMarket,amazon,2025-02-06 04:01:03,47,
RTI_0173,91312b4e55e054a6,"I've just started a dividends pie could I get feedback on it please?. It's my first pie I've made, I made it based on revenue growth, a decent dividend yield that's reliable, is there anything I can improve on this? -AbbVie -Apple -BlackRock -Costco -Innovative Industrial Properties Inc -JPMorgan Chase -Microsoft -NextEra Energy -PepsiCo -United Health Group I've just divided it 10% each, and I'll receive £39.98 in dividends this year, I'm planning on adding 25% of profits from my short term trades so I should be able to increase the size of my portfolio fairly quickly.",dividends,apple_inc.,2021-01-30 16:15:17,97,
RTI_0174,19b3f3600a9fb9f0,"$AEI CEO buy 2.9 Million 04/05/2022. $AEI CEO buy 2.9 Million 04/05/2022 $AEI $.64 Revenue, Cash, Real estate assets and Net assets UP 52 weeks high 15.31 all time high 29.49 As of December 31, 2021 \- Revenue rose 21.9% to $19.8 million in 2021 \- Cash has more than doubled to $56.1 M \- Real estate assets have increased 97.6% to $40.5 M \- Net assets have increased 173.8% to $170.3 M ​",pennystocks,alexandria_real_estate_equities,2022-04-06 15:45:11,74,
RTI_0175,11e40e5c107ce19a,APSG Target - AmEx Global Business Travel Investor Day. APSG target - American Express Global Business Travel Investor Day today PRESENTATION,SPACs,american_express,2022-04-12 12:23:14,21,
RTI_0176,8c8d0ee7bf6d8fcf,DMYD -- Genius Sports... how successful can they really be?. So a company that provides all real time stats for sports games in order to provide data for sports betting sounds like a winner. But I always see the commercial NEXT GEN STATS powered by AWS (Amazon Web Services)... Is this a direct competitor to Genius Sports?,SPACs,amazon,2020-12-04 16:48:23,57,
RTI_0177,e5fd5f7f786c2c57,"How to transfer trading application to AWS?. Hey guys, I was just wondering if any of you have used Amazon web services in the past for hosting a trading robot. What service package did you use and how was the connection speed? Average cost?",algotrading,amazon,2021-01-10 05:38:17,44,
RTI_0178,181ed931613c17b2,🗓️ Earnings 📢 - This week will be extremely busy for some of our favorite dividend stocks,dividends,american_tower,2023-07-23 08:59:02,17,
RTI_0179,740823ed509456b9,"Affirm IPO Late 2020 - anyone playing?. Wanted to see if anyone is planning on jumping into Affirm (AFRM) when they go public? They’ve reported net losses in 2019 and 2020 so far, however looks to become profitable sooner as net losses have decreased YOY. Huge e-commerce potential, established business partnerships with major companies (Peloton, purple, Adidas, etc). Anyone keeping an eye on it? Should release around when Airbnb does it looks like.",stocks,airbnb,2020-11-24 00:09:41,73,
RTI_0180,372dcf38b794d488,"Is EQQQ really worth it?. I was checking EQQQ holdings and realized that 1/3 of its portfolio is driven by Apple, Microsoft and Amazon. Don't get me wrong, EQQQ may be a promising investment and I do believe in its potential to grow. But, wouldn't be a better option to buy shares in these top 3 companies separately instead of paying a TER of 0.4%?",ETFs,amazon,2020-11-13 11:33:52,65,
RTI_0181,579c55cbae1ac51b,"Intel to sell Folsom campus real estate, lease space in $10B cost-cutting effort. Get lean n mean.",wallstreetbets,alexandria_real_estate_equities,2024-11-24 13:20:14,17,
RTI_0182,01becae627620f05,Take out of emergency fund to invest in this market drop?. Exactly as the title says. 23M and I’ve been working towards a 3 month emergency fund and I am about 2/3 of the way there. With these big market drops happening right now my mouth is kind of watering to get in. Would it be a terrible idea to pull some out of emergency funds to invest? I know it doesn’t follow the normal “flowchart” but this feels like a really great opportunity.,ETFs,american_water_works,2024-08-05 06:32:50,84,
RTI_0183,dacef6520ae7d3cb,Looking at this cheered me up at work today🔴🟢🔴🔴🔴🔴🔴🔴,Superstonk,apple_inc.,2024-09-06 19:25:08,9,
RTI_0184,089d4507bdb4c84f,"Managed Quantitative Strategies ETFs?. Wondering if anyone has experience or evaluation of managed funds that use quantitative strategies. I am looking for one buy-and-hold ESG fund to invest half my (tiny) cash amount in. Found this one that seems to perform well, but with high TER: Invesco Quantitative Strategies ESG Global Equity Multi-Factor UCITS ETF Acc Would that be a good choice?",ETFs,apollo_global_management,2024-10-15 10:19:05,62,
RTI_0185,6852f8dbe527f3ef,"To all of you highly regarded apes who think AMTD is the child company of HKD. Link here, you're very very highly regarded. AMTD = AMTD Idea Group HKD = AMTD Digital Inc. Chinese stocks are shit stocks, you will lose money if you bag hold that shit.",wallstreetbets,arch_capital_group,2022-08-02 03:31:45,48,
RTI_0186,292c0e216acf2f41,"Should I change my investment mix?. I currently have about $35k in an HYSA @4.1% About 21k in investments, about $7k of which is ETFs, rest are crypto($5k) and individual stocks. Some like META, JPM, APPL etc and some terrible penny stock picks. I think I should restart investing in VTI, but probably wait a couple months for market correction? Also, I have about $282k mortgage (7%) should I instead dump my savings towards my mortgage ? I do have some money set aside in checkings in the meantime Edit - M 27, 7% mortgage rate",investing,apple,2024-11-19 05:07:52,96,
RTI_0187,1b3ffb356447a29d,"Hey guys, This is the first month of my compound interest journey. ill be adding $5,000 monthly and posting once a month with all my positions. Id like to get your thoughts on the diversity of my portfolio and im open for any suggestions!",dividends,3m,2024-03-29 01:04:26,44,
RTI_0188,1a9bdcdcd8a5a8b6,Can someone explain this?. The stock chart on the iPhone app is wrong? I’m looking at the daily chart. It opened at 513.27 and is currently at 514.08. Can some be explain why in the top left it shows -5.24. How can it be down $5 on the day when it’s only moved $1 up from open. I get that I shouldn’t be using this as my main charting system. I use trading view and TOS. I just don’t understand why Apple is showing this incorrect information..,StockMarket,apple,2024-04-10 14:15:19,87,
RTI_0189,747be021bd26b95c,I like pokemon and I like the stock 🤓. Booster boxes are such a great value. Glad to see these in stores 🤩,Superstonk,a._o._smith,2024-09-15 21:52:56,23,
RTI_0190,06e8ef8479a03ccc,"Hypothetical 100k. If you received $100,000 how would you build a dividend portfolio. I was trying for a mixture of growth and income. What do you think",dividends,arthur_j._gallagher_&_co.,2024-02-04 08:34:09,27,
RTI_0191,9cce97b0ce2fc315,"Grasping at straws …. A sudden upward spike in the Dow this morning (Monday April 07, ‘25). Apparently triggered when ‘someone’ said (wrongly) that there is going to be a “pause” in tariffs. Lasted several minutes - until everyone realized that that ‘someone’ was nowhere to be found.",StockMarket,3m,2025-04-08 05:08:31,48,
RTI_0192,a0d58a52a6c01106,What a way to end Friday! Magnificent 7 with 0.% vs GME's 12.15% upside,Superstonk,apple,2024-09-20 20:23:28,14,
RTI_0193,0f6f6948fa9698b2,Should I keep SCHD?. Roth IRA FXIAX : 40% QQQM : 45% SCHD : 15% Basic account Tesla: (20%) Apple: (10%) Google: (15%) Nvidia: (20%) Microsoft: 20%) Amazon: (15%),ETFs,amazon,2025-03-29 17:06:33,29,
RTI_0194,aa070359c5acce03,"Achieved my goal of accumulating $200,000 today! $6,500 in dividends will be achieved this month upon my next top-up. Steadily working towards reaching an annual income of $60,000.. I'm 33, have been growing this portfolio since 2017 with monthly top-ups ranging from $1000 to $2000 from both my and my wife's income.",dividends,arthur_j._gallagher_&_co.,2023-07-14 12:07:48,52,
RTI_0195,0d2825cdcf3469e5,"Hedge for Cash Secured Puts portfolio. I have a portfolio with mostly long equity and shorted cash secured puts with margin. Obviously it can’t stand days like August 2nd, margin liquidity falls through the bottom. How do you hedge your directional risk? Real cases appreciated.",options,alexandria_real_estate_equities,2024-08-02 15:30:52,45,
RTI_0196,22138cfa212204c6,My whole portfolio is in this single stock.... Does anyone put all or most of their entire portfolio into a single stock? I know it's not the mainstream thinking but I am trying to go back to 90s when nobody knew anything about investing and everybody who bought hot shot stocks like Apple and Amazon became rich. I'm considering putting my entire IRA into GEV. It can potentially ride off the AI boom and climate change politics while maintaining the stability of a well established energy company. Could GEV be the next Amazon? What stock are you all in?,stocks,amazon,2024-10-24 19:31:14,99,
RTI_0197,2169eae651ad7144,"Help reading balance sheets!!!. Hi everyone. Still fairly new to security analysis. Need help reading Aflac's balance sheets. Here is a link to the 2019 balance sheet as per Morningstar First of all how are ""current assets"" negative. Secondly how do you reconcile that with the balance sheet as found on Edgar. Heres the link Any help would be much appreciated.",ValueInvesting,aflac,2021-01-25 01:19:20,61,
RTI_0198,8dff6974596f0cf2,"$SGMA update from DD post. new 13G filing. $SMGA as per my last post, I have been accumulating $SGMA for a swing from these low levels. Today they company filed a 13G showing The TCW Group, Inc has recently added 770k shares for 11.18% representation. This company has approximately $195B worth of assets, including their top positions in NVIDIA Corporation (US:NVDA) , Microsoft Corporation (US:MSFT) , Amazon.com, Inc. (US:AMZN) , ServiceNow, Inc. (US:NOW) , and Alphabet Inc. (US:GOOGL). For a company of this caliber to add a stock under $1.50 says alot imo. sec.gov/Archives/edgar/data/915358/000110465925042854/xslSCHEDULE\ 13G\ X01/primary\ doc.xml",pennystocks,amazon,2025-05-01 17:33:06,97,
RTI_0199,6e53de5f12296ac8,"$Apple$ $Google$. Bloomberg: “Apple Inc. lost its court fight over a €13 billion ($14.4 billion) Irish tax bill, in a boost to the European Union’s crackdown on special deals doled out by nations to big companies.” “Google lost its bid to topple a once-record €2.4 billion ($2.7 billion) European Union fine for abusing its monopoly power to crush rival shopping services.” This can be a down all techs trigger??",wallstreetbets,apple,2024-09-10 08:01:46,69,
RTI_0200,ad1ad60dbf715046,Sorry everyone this is by first time using Reddit.. here is my positions to my previous post AM I IN TROUBLE,wallstreetbets,arch_capital_group,2022-10-01 14:59:49,21,
RTI_0201,bcf3adb1b0da1180,"Differentiating my investment accounts. I am 22yr old female and have a brokerage account with about 115,000 that is 92% equities. I also have an acorns account that I contribute $50/week in an aggressive portfolio. I just opened up a Roth IRA and I’m unsure what to invest in - should I invest in the same large companies like Apple and google and then S&P 500? Or should I invest in individual stocks? I’m also wondering if I would be better off adding to my brokerage that already has a decent amount instead of spreading my money too much?",investing,apple,2024-04-11 04:34:25,99,
RTI_0202,c3ca52ea6768b470,"I can’t find a broker that sells CVR. Hello everyone, I cannot find a broker that sells $CVR. The company is called Chicago revit & machine co. Can you help me? thank you :)",StockMarket,arthur_j._gallagher_&_co.,2025-02-14 21:25:54,34,
RTI_0203,b9f41af647bfcf71,How Shein beat Amazon at its own game — and reinvented fast fashion,SecurityAnalysis,amazon,2021-12-20 11:17:11,13,
RTI_0204,f0b21ee22f5efae2,Fidelity Orders (GME 80% buy),Superstonk,align_technology,2024-09-11 17:35:44,5,
RTI_0205,148109bd3cd6a821,"This is my Roth, starting late. Thoughts? 32M. Getting a pay increase that will allow me to start contributing to my almost forgotten Roth. Largest(Oldest) position is MO @ +14.73% followed by INTC -14.54%. VOO is the smallest position at the moment but most profitable at +19.34% I am really eyeing SCHD, QQQM and thinking about VTI to replace VOO for less large cap exposure. These are not my only Roth holding, just the ones that carry dividends. Thoughts?",dividends,3m,2024-05-02 21:58:52,79,
RTI_0206,27d1972796c7d03b,Investing in real estate or buying a house for myself.. Hey everyone! I am looking for advice on what I should do. I have saved a little over $120k since I graduated a couple years ago. I was saving to buy my first house with a conventional loan but I am now starting to think I should buy 2-3 cheaper properties. What advice would yall give? The house I was looking at for myself was $350k-$400k Or downsize and do 2 brand new Lennar builds for around $180k each.,investing,alexandria_real_estate_equities,2024-12-10 14:20:33,89,
RTI_0207,80326a921b0691e5,Yolo abbvie call. Just bought 100 contracts strike of 92.50 for 1.60 each early this morning. Expire nov 17th,wallstreetbets,abbvie,2017-11-06 18:56:08,19,
RTI_0208,9676989251fc1bac,Good or bad idea to sell my top holdings and just put it into the s&p500?,StockMarket,apple,2024-11-22 12:32:03,16,
RTI_0209,cd6ff3be94540db4,"Long Term Calls. I’m thinking about buying some long term Calls (expiry end 2023) for stocks that have potential to recover (Adobe, BYD, UnitedHealth, Apple, etc.). What you guys think?",options,apple,2022-10-14 12:43:44,30,
RTI_0210,81263bea6bedcec5,"Newbie on Dividend Stocks. Hi guys, I’m a newbie in collecting dividend stocks, any advice on my portfolio?",dividends,apple,2024-11-02 15:19:26,18,
RTI_0211,e8519bd5ccbf34c9,"Any plays on V/MA/AMZN earnings?. Rumor is that Visa, Mastercard and Amazon have had an amazing 4th quarter. Maybe worth buying some debit spreads on earnings? 1/27 Pre-market - MA 1/28 - V 1/28 AH - AMZN",options,amazon,2021-01-12 22:43:13,37,
RTI_0212,f67374bdc7248d8c,Convince me why I shouldn’t full port my account to SNOW leaps. Looking at Jan 17/25 150C mainly,wallstreetbets,alphabet_inc._(class_a),2024-06-29 14:09:11,18,
RTI_0213,01aeb83405c38598,TTOO announcement. T2 Biosystems Receives FDA Breakthrough Device Designation for Candida Auris Diagnostic Test,pennystocks,apple,2023-07-20 13:12:22,14,
RTI_0214,b36cb20c1f81eb1e,I will be the one to change her,wallstreetbets,advanced_micro_devices,2025-02-07 20:32:23,8,
RTI_0215,9632c436d4bc571c,CLBR 560k YOLO,wallstreetbets,3m,2025-05-30 14:57:20,3,
RTI_0216,94bc2b3e87d3cc80,"IYRI - NEOS Real Estate High Income ETF. Thoughts on this??. Has anyone heard of this one. I personally like NEOS but this one looks new, only has 30M AUM but seems promising 12% yield, pays monthly, solid REIT holdings and sells covered calls to generate additional income.",dividends,alexandria_real_estate_equities,2025-04-07 20:48:18,48,
RTI_0217,25dcfd3818cc7494,"First year gains [AMD, MU, NVDA, TTWO]",RobinHood,3m,2017-09-16 17:04:37,7,
RTI_0218,78aca8418513b914,American Towers ($AMT). Can cell-phone tower operators continue their run? I read an article about how the race for 5G is making cellphone tower operators an attractive investment (especially $AMT). They have been on an incredible run so far in 2019 and I am wondering if there is more run room left. $AMT has a low beta which makes me feel good considering speculation of a recession that is coming sooner rather than later. Additionally $AMT has solid fundamentals and is positioned the best of the big 3 CPTO. Thoughts?,stocks,american_tower,2019-07-15 16:14:14,90,
RTI_0219,3c2d80728ee96a2b,"Simple and Safe WMT entry for all. As the title says. Walmart has been receiving nothing but great news, volume is picking up, price targets have increased. It is a turtle of a stock but plays like this are easy money imo.",wallstreetbets,3m,2025-06-09 19:39:03,42,
RTI_0220,8e0a84a8991ed65a,Best tech ETF denominated in GBP?. What is the best technology focussed ETF that I can buy in Sterling? There's IITU but that excludes a number of major companies such as Amazon and Netflix.,ETFs,amazon,2025-02-03 18:43:12,34,
RTI_0221,95e970a44a233d72,Managing Long-term vs Short-term gains. I find it quite confusing to know whether I've held a stock for more than a year and whether its OK for me to sell it at a long-term capital gains rate. Say you have total of 8 APPL stocks but you've only held 5 of them for over a year. Do you just manually go in and check stock-by-stock when you've purchased and do a calculation from there?,RobinHood,apple,2020-02-13 22:20:00,74,
RTI_0222,4c208949d0166a60,"J&j offshoot Kenvue Inc. Kuve. Johnson & Johnson spinoff of their quote unquote less profitable business is basically complete.. there offering a one for one stock swap to get rid of there 80% stake. Hoovering around 25 they just declared their first dividend. Outlook is positive with a high of 30 a share. And for anyone wondering about lawsuits involving the talc powder..According to a Securities and Exchange Commission (SEC) filing by Kenvue, J&J (and not LTL) has agreed to indemnify Kenvue for any talc-related liabilities What are your thoughts on it?",dividends,arthur_j._gallagher_&_co.,2023-08-10 02:27:55,92,
RTI_0223,f61978e7d178e61b,"London exchange hours (regarding S&P500 etf). Hey guys, in my country it makes more sense to buy UCITS etfs therefore im looking at funds like CSPX or SPXS. The thing is, these are traded on the LSE which closes at 4:30 london time, which is only 11:30 new york time. So how does this work with the time difference with new york? Does it just gap up/down the next day to reflect the change in SPY that there was the rest of the day in american hours? Is there after hours trading on the LSE (interactive brokers in particular)?",investing,american_water_works,2024-09-03 16:11:46,99,
RTI_0224,ffe76fe73f33d0bb,"Very eager to learn. My cousin advised me to hold these stocks for an extended period, emphasizing the importance of long-term investing. I am eager to maximize the potential of my investments and achieve financial growth. I would appreciate any insights or recommendations you may have regarding additional dividend-paying stocks. I would love to have my money make me more money if y’all know I mean. Thank you for your time and consideration. I look forward to hearing your suggestions.",dividends,apple_inc.,2025-02-24 02:41:36,80,
RTI_0225,14633e336d22e0df,8k dividends / year reached!,dividends,apple,2025-05-31 07:21:52,5,
RTI_0226,8015eed335c206e5,"AirBnB to go public June 12: Source?. Morning Brew's May 25th email under ""What else is brewing"" notes: ​ Airbnb picked a date for its IPO: June 12. I can't seem to find any updated tech crunch articles on this... can anyone help and confirm? What is their source?",stocks,airbnb,2020-05-26 23:11:15,49,
RTI_0227,d1615d233f14f17d,"Real-world equity curves of successful live algos. To those who are currently running successful algos trading real money, could you please post your equity curves? A lot of theory is being discussed here, but it would be great to understand what successful redditors have achieved in real world trading (as motivation for the folks still figuring it out).",algotrading,alexandria_real_estate_equities,2023-04-30 16:08:47,58,
RTI_0228,9813f815c9b1996e,"ETF?. Is there anywhere for me to see previous holdings of S&P or QQQ??? I’m looking for a weekly closing statement database for the last 5 years! Ex: Appl 2,000,000 shares 5.3%",algotrading,apple,2021-08-04 21:12:59,32,
RTI_0229,389353f9038f7b16,"3M to cut 2,000 jobs globally, slashes its 2019 profit outlook. Here are the numbers 3M reported: Earnings per share: $2.23, adjusted vs. $2.49 expected, per Refinitiv survey of analysts Revenue: $7.863 billion vs. $8.025 billion expected, per Refinitiv survey",stocks,3m,2019-04-25 11:37:24,40,
RTI_0230,e07f0a7ce2174c60,Can anybody explain this pattern to me?. (XBIL) pays a monthly dividend. That’s the only thing I can think of that we’re produce a pattern like this. Thoughts and insights welcome.,dividends,3m,2024-06-01 12:11:46,31,
RTI_0231,ee1926d6f686bf11,American Express thoughts?. Is their business model (which I heard that is riskier) viable into 2020 and future years? Is the stock a buy? It has growth and a low PE compared with V and MA,stocks,american_express,2020-01-18 16:27:13,36,
RTI_0232,2d6ae7bafd522d3b,Quick look at the latest 13F filings (Top 50 Buyers & Sellers),Superstonk,arch_capital_group,2025-02-15 16:36:12,12,
RTI_0233,10032fe3eeb0d6e3,"It was an interesting year, but I was able to achieve my goal of 5k annualy!🎉 Sold DVN and bought XOM, so now I have more confidence about my dividends. Next goal is 500$ month and I need to work on portfolio sector diversification.",dividends,arthur_j._gallagher_&_co.,2022-12-19 13:19:40,44,
RTI_0234,7bb8f82471ddbb00,Stocks in Potential Short Positions to Consider,StockMarket,american_electric_power,2022-10-31 16:22:47,7,
RTI_0235,a9887f6ad113c485,"Splits End of Monday?????. Apple at 125.50 and Tesla at 443.40 End of day projections? I say apple 200 easy, Tesla 650 EDIT: I got close, but not close enough, pushing these numbers to end of week. 2nd EDIT: WHAT THE FUCK!?!?",RobinHood,apple,2020-08-29 21:23:20,42,
RTI_0236,a12f6ee4251c88a2,"Where to get accurate news from?. Good morning/ afternoon! I’ve been trying to get involved in the Fx market, both using a demo and occasionally a live account, and whilst it’s seemingly going well, I have no solid way to gather news that could cause unexpected changes in the market. Are there any websites that you can sync with Google/ Apple Calendars for events like important conferences/ meetings etc? What website/ news outlet do you use for your trading? Thank you!",Forex,apple,2023-06-27 12:02:53,81,
RTI_0237,4c38a28e8edac532,"Private payroll growth slowed to 106,000 in January as weather hit hiring, ADP says. Interesting to see they are blaming the ""weather"" again As we can see here on Indeeds real time postings data, things have been slowing down for months. Combined with slowing ISM, real estate, etc but also lower inflation imo we willl have a soft landing but a prolonged period of slow growth as changes take effect in our economic system ,",StockMarket,alexandria_real_estate_equities,2023-02-01 15:44:03,75,
RTI_0238,94e5c1a3db28bd85,Are there any ETFs that only invest in the top 3 or 5 stocks in the market?. Hey I'm looking for invest in an ETF that concentrates in the top stocks (top 3-10) in the market. I rather not buy the individual stocks if I can find an ETF that groups them. To be clear I want the top stocks based on market capitalization,ETFs,arch_capital_group,2022-04-02 16:20:16,64,
RTI_0239,22c0dd9c818318df,Voo is dropping today becuase I lump sum. Enjoy the dip everyone!,ETFs,3m,2025-06-17 23:00:13,12,
RTI_0240,c75631e790c6fdc5,ROBIN-DA'HOOD YOLO 150k+. My original price target was around 80$ but if this gets added to the SPY this week... it could go further! Whats your thoughts on this?,wallstreetbets,3m,2025-06-03 16:20:23,29,
RTI_0241,99a071e2fd62dc70,iron condors and strategies for side income. I've seen this book which boasts it can teach you the the framework for generating side income. Is it any good or are there better books on a similar topic ?,options,amazon,2022-07-07 11:35:23,38,
RTI_0242,d870e000846b4abe,Yikes. I’m regretting not selling even more now,ETFs,3m,2025-04-07 00:18:23,8,
RTI_0243,f1e10ae0f3de1d7a,"Are charts allowed here? Here is my MMM (3M) chart as I see an opportunity. Imgur Link to Chart If MMM daily can hold the 159-161 level, it's starting to show signs of reversal and is highly like we visit 175 in the short term and possibly beyond. notfinancialadvice",stocks,3m,2019-08-14 14:25:11,49,
RTI_0244,e2c4d8b9571a9ab4,Stock Market Today 4/20/23,StockMarket,alexandria_real_estate_equities,2023-04-20 20:12:35,4,
RTI_0245,246995ea72deddc2,"Am I stupid for investing monthly in both VOO and VTI?. Pretty new to investing, only 24 years old. Currently I have monthly recurring purchases on VOO, VTI, QQQ, Tesla, Amazon, Google, and Nvidia. A finance buddy of mine recommended a couple and I picked the others. Looking back, I see they are going to be overlapping. Is this a bad move for long term?",ETFs,amazon,2025-05-22 21:48:38,65,
RTI_0246,53225d3da5bbb20d,What's happening to altria (MO) and Philip Morris international (PM). Both down over 15% since yesterday. Thoughts?,stocks,altria,2018-04-19 17:04:18,17,
RTI_0247,ff2b296228625667,My first trading account journal,Forex,arthur_j._gallagher_&_co.,2023-06-02 12:17:30,5,
RTI_0248,189734f7730ef2c6,GBP/JPY. Did any of you anticipate this drop today? I did not see any indication that this could have been happening. Trying to learn from these situations :),Forex,3m,2025-07-02 14:01:50,28,
RTI_0249,91a7f8667aa3779a,"The FTC Sues to Break Up Amazon Over an Economy-Wide ""Hidden Tax"". Related: 1. 2.",SecurityAnalysis,amazon,2023-09-28 07:19:39,15,
RTI_0250,ff623b4c6840f018,Please just forget about GameStop,Superstonk,advanced_micro_devices,2025-04-04 20:44:47,5,
RTI_0251,b6b3739b8389ac7c,"r/stocks Top 24 H Ticker Mentions (Tuesday October 26, 2021). ​ |Ticker|Company|\ Mentions (24H)| |:-|:-|:-| |TSLA|Tesla Inc|138| |FB|Facebook Inc|57| |AMD|Advanced Micro Devices Inc|45| |NET|Cloudflare Inc|42| |GM|General Motors Company|39| |AAPL|Apple Inc|24| |NVDA|NVIDIA Corporation|24| |AI|C3.ai Inc|23| |VTI|Vanguard Index Funds - Vanguard Total Stock Market ETF|22| |VOO|Vanguard S&P 500 ETF|21| |ICE|Intercontinental Exchange Inc|21| |COIN|Coinbase Global Inc|19| |F|Ford Motor Company|17| |MSFT|Microsoft Corporation|16| |SPY|SPDR S&P 500 ETF Trust|13| ​",stocks,advanced_micro_devices,2021-10-26 15:25:20,64,
RTI_0252,4af6948898b582f5,"Friday $GME closed above $23.50 max pain, h.o.d is $24.26",Superstonk,3m,2025-06-27 20:18:25,10,
RTI_0253,249aa177022816fa,Definitive agreement today: $SPNV - Offerpad (Real Estate),SPACs,alexandria_real_estate_equities,2021-03-18 13:33:53,8,
RTI_0254,0cd717f5bc309d2c,"LITHIUM ION OR HYDROGEN FUEL CELL OR BOTH?. Just curious if anyone else has been looking at these 2 technologies deeply and has any thoughts about each? Obviously with all the car manufacturers going electric the need for power is only going to increase in coming years. Will one technology become totally dominant over the other? Any sectors you think will grow more than others (exploration and mining companies, refineries, equipment manufacturers, research and development companies building the actual batteries)?",stocks,american_electric_power,2022-09-25 05:05:55,80,
RTI_0255,1a2b59d57616850a,"Starting portfolio 23 going to invest 10k initial 1k monthly any reccomendations?. Symbol Name Weight VFV:CA Vanguard S&P 500 Index ETF 40.00% VXF Vanguard Extended Market ETF 15.00% VXUS Vanguard Total International Stock ETF 20.00% QQQM Invesco NASDAQ 100 ETF 10.00% NVDA NVIDIA Corporation 5.00% GOOGL Alphabet Inc Class A 5.00% VDY:CA Vanguard FTSE Canadian High Dividend Yield 5.00% I know im weighted more on the tech side but im okay with the risk. Im a bit iffy onn VXUS heard alot people saying it just ""burns"" your money/profits but i do want some sort of safety in my portfolio.",ETFs,alphabet_inc._(class_a),2025-01-23 15:24:23,100,
RTI_0256,078fefe931c047ef,"TurboTax Premier on sale. I saw on SlickDeals that TurboTax Premier is on sale on Amazon right now for $55. Supposed original price is $89, but I saw posts on here last year that it was around $70. Apparently the Premier version is what you need to automatically upload from RH, and the CD version can import more trades (2000 v. 500). Hope this helps.",RobinHood,amazon,2018-01-05 04:34:11,65,
RTI_0257,4775a042f6ca6cf3,"BOO! 👻 Most anticipated earnings releases for the week beginning October 31, 2022",options,american_international_group,2022-10-29 12:01:14,13,
RTI_0258,37e4d3bf87b466ac,Brokeee even todayyyy,RobinHood,3m,2017-09-12 20:36:32,3,
RTI_0259,640ce58c4e813328,"LFG, Deutschland!!. I don't know and I don't care whether it's in Euros or in USD. All I know is, BUY, DRS, BOOK HODL, SHOP, COMMENT. Shorts Never Closed, Hedgefux Are Fukt, Fuck You, Pay Me. Eat My Crusty Asshole.",Superstonk,alexandria_real_estate_equities,2024-06-03 06:15:57,40,
RTI_0260,14c106bd1237114a,Nasdaq.com is randomly flashing $27.67 closing price for a date in the future 8/9/2024...WTF. Since around 11:30 AM EST Nasdaq.com has been randomly flashing a $27.67 closing price for a date in the future- 8/9/2024. WTF,Superstonk,alexandria_real_estate_equities,2024-05-20 17:33:38,36,
RTI_0261,5296360a24ce6fd4,Just recently hit €100 Annually! Started 3 months ago and have been diligently growing my portfolio every month (19M),dividends,apple_inc.,2023-02-15 16:01:12,19,
RTI_0262,fb252e726c6ebb4d,"Tinfoil for fun: algos set to dump market to fuel GME short attack on any news (or lackthereof) during shareholder meeting. Meeting didn’t happen, but algos can’t stop, no excuse to short GME and market dumps anyway. I don’t believe anything I’m saying. Mostly.",Superstonk,apple_inc.,2024-06-13 16:31:25,44,
RTI_0263,5403206c5f6347af,How am I doing for starting 2 months ago?. I’ve sold some shares of CTM and some of OPTT to recoup what I put in both and took a combined profit of $60 on top of it.,pennystocks,american_electric_power,2025-01-06 21:49:27,37,
RTI_0264,d75bd60cc0cfe63a,"$AFL is undervalued. Massive cash reserves, and they’ve beaten their EPS on the last 4 earnings calls. Aflac is 32% below Feb high, and can reasonably reach $42 before EOY. Not the most exciting stonk, but I can’t see it failing. My position TL;DR: $AFL 40c 1/15/21",wallstreetbets,aflac,2020-08-08 19:12:14,47,
RTI_0265,9906f2901efb9279,"Just for fun: WBA increases by +5% on this news... that's the amount of its dividend lol. I know this isn't wallstreetbets, don't hit me... I was just sharing for fun. looool Walgreens said to contact potential buyers for drug chain boots. Edit. I'm strongly increasing my position on this news. This market has gone ""crazy"", and WBA could potentially have hit its bottom. Ready to bounce back?",dividends,3m,2024-05-13 13:57:56,68,
RTI_0266,ac8cccbd09998363,"Investment question. Hello guys, For the last 3 months I have consistently invested in VFV, Canadian equivalent of VOO. But I heard from someone that it is hard to sell this ETF due to the volume. I checked the volume, It is about 175k shares traded per day. Wondering if the person advised me was right? Is it just better to trade the US version(VOO) for its better volume at 3M?",ETFs,3m,2024-05-20 12:46:17,71,
RTI_0267,a4e5e921de18b7c9,Time to short CenterPoint Energy $CNP. CNP has over 8500 miles of power lines and provides power (sometimes) to Houston area customers. A tiny CAT 1 hurricane has knocked out service and after 72 hours over 1M homes are still without electricity. The state is getting restless and so are the consumers. This company will be broken up and will be absolutely crucified due to the poor handling of this. Executive income and aggressive news interviews are already becoming hot topics.,wallstreetbets,american_electric_power,2024-07-11 17:19:25,81,
RTI_0268,127c6ce2d73d8b97,Today is my first time manually putting money into an ETF. Feels kind of scary knowing how much 1 share is.. I'm a 32M living in the Bay Area with no kids or a house. This is my first time manually putting money from my paycheck into an ETF like this. I went with VOO since it seems really popular as a safe long-term ETF according to this subreddit. Feels like the first day of the rest of my life when it comes to financial planning.,ETFs,3m,2024-07-10 15:44:50,86,
RTI_0269,b6527c9272b8170b,1 week into investing. I got told buy low sell high so just bought when people said everything was crashing last week. idek,StockMarket,advanced_micro_devices,2024-08-16 00:43:04,23,
RTI_0270,abe49cadc47d783d,Did really well today🥂. I believe I’m getting better as a beginner 🙃,Forex,3m,2025-05-29 17:06:58,13,
RTI_0271,8c6e09dd9f551489,Loss Leader or Value Creator? Deconstructing Amazon Prime,SecurityAnalysis,amazon,2017-10-17 14:51:56,8,
RTI_0272,f0fe3d5088c44e9f,"index etfs with max holding weight limits?. Are there any etfs that have limits on individual holding weights, for example VUAA is currently 6.94% Microsoft, 6.28% Apple, 6.09% Nvidia, 3.63% Amazon, 2.31% Meta etc, but with let's say a ""2% weight limit"" they would all be just limited to 2% max weight in such an ETF. So far the ""closest"" one to this idea I know about is EXUS (MSCI world excluding USA)",ETFs,apple,2024-07-30 07:35:39,73,
RTI_0273,43d77d4d01c6cce2,"Missing the 3Y chart. On almost any investment platform you can filter the chart of any stock by 1D, 5D, 1M, 3M, 6M, YTD, 1Y, 5Y and Max. I can't imagine I'm the only one missing the 3Y option. Especially since covid. It's not like those platforms don't have space left in the bar above the chart. Yahoo finance, Google stocks, you name it. They often have room left over for an additional option. What do you guys think?",stocks,3m,2022-08-19 19:40:06,79,
RTI_0274,399874cac7cf236d,"2 in a row😏. PS-: 1. limit did not hit 2. Fear made me exit But happy analysis was on point , and i will surely improve day by day.",Forex,arthur_j._gallagher_&_co.,2024-09-26 15:30:54,30,
RTI_0275,b0535674838a2638,Movin on up with RPID. Having some fun with penny stocks and took a flyer on a life sciences company local to me.,pennystocks,3m,2025-02-14 03:19:09,23,
RTI_0276,39c79246b96da634,"Most Anticipated Earnings Releases for the week beginning January 30th, 2023. Most Anticipated Earnings Releases for the week beginning January 23rd, 2023 Get a jump on the week... Get a jump on the week...",wallstreetbets,allstate,2023-01-30 04:58:44,34,
RTI_0277,57a3062516167c39,I’ve got 9k in stocks and 1k in retirement at 16. Is that good?. Everytime I work my dad saves a little bit of my money and puts it into these stocks on E trade and Charles Schwab for retirement. Am I on the right track and is this enough for my age right now or should I be investing more?,StockMarket,apple,2024-08-01 19:27:40,61,
RTI_0278,19e5bb9077ee4555,"My portfolio update (21.12.2024). These three months have been productive My portfolio has grown, and I’ve added Meta stocks :) I’m looking forward to 2025 with hope Should I make more changes?",dividends,alexandria_real_estate_equities,2024-12-20 23:55:15,32,
RTI_0279,1411403c46045f50,GME is now the top holding on XRT. Gonna keep this short and sweet. On March 21 we saw GME explode up to 3rd place on XRT's fund holding list: As of March 26 GME was the 1 holding on both XRT's fund and index list: The only explanation I can come up with is that XRT failed to rebalance on March 21 (ETF rebalance date is the third friday every quarter). Who can ELI ape this?,Superstonk,arthur_j._gallagher_&_co.,2025-03-27 20:48:58,77,
RTI_0280,1ffaae73819a59b2,"Suggestions for good Mid-cap and small cap ETFs. Very few of the stocks that were in top 10-20 ten years ago still retain that position because companies like Tesla, Apple and Amazon have grown. Are there any good mid cap/small cap ETF that can have a growth opportunity in future?",ETFs,apple,2024-01-18 18:15:42,50,
RTI_0281,249036214fcae732,"Why SCHD dividend growth was only 3,77% in 2023 while most holdings have higher growth rates?. As in title, why SCHD dividend growth was so low in 2023, while top 10-15 stocks which are above 50% in SCHD holdings were growing at least higher that that? AVGO, TXN, ABBVIE, PEP, etc was having nearly 2x growth of SCHD, some very slower like PFE, VZ, MO but still something and despite that overall dividend growth was not impressive for the etf Am I not seeing something or bottom 50% were lagging massively?",dividends,abbvie,2024-03-30 10:21:37,91,
RTI_0282,962043ad55f8a49b,"Thank you papa karp. Sold my palantir, but now I feel empty inside.",wallstreetbets,3m,2025-05-22 22:25:28,13,
RTI_0283,c9623d7926ebbe2c,"help. should a person just hold 2 etf's. i hold VOO, and VTI, 50, 50, but i wan't to add more. is it a good idea, or should i focus on those two. i'm thinking about adding Tesla to my portfolio, and maybe Apple too. i'm just New to all this.",ETFs,apple,2024-11-28 21:08:03,51,
RTI_0284,5f75cb941773d925,"Earnings Season is really getting started now! I'm most curious about Evolution AB, how about you?",dividends,abbvie,2025-01-25 10:24:12,16,
RTI_0285,d4c239be856da843,I love these days. Hopefully soon more of my companies enter buying range again.🥳 What would you buy? P.S. I have been in saving mode since last December.,StockMarket,apple_inc.,2023-10-27 08:27:51,28,
RTI_0286,b19319bc154e0d7b,"Just made a portfolio, looking for advice. I just made this portfolio and started funding it last week. The goal is stability and dividends, the lowest reported year was -3% eith the highest grossing year (not 2022) was around +12%. Optimizations or substitutions are appreciated since I'm new to this. The goal is long term (20+ years) investing. I also have another account for short term growth with stuff like Microsoft apple Amazon etc.",dividends,apple,2024-06-02 12:58:00,74,
RTI_0287,be0d6cc58a7699aa,Don't do that... don't give me hope.,wallstreetbets,arthur_j._gallagher_&_co.,2022-10-10 20:42:55,7,
RTI_0288,8afcdf478d65f9c5,"Do Europeans invest in primarily European stocks?. As an American I follow the (American) conventional wisdom about asset allocation. Most of my equity investments are US-based stocks/ETF/mutual funds with a smaller portion “international.” Those are companies and funds in Asia, Europe, Australia. There’s a possibility I’ll move permanently to Europe. Should I revamp my assets to something a typical EU citizen would hold? Same with bonds: everything is American corporate or government bonds.",investing,american_international_group,2025-06-26 21:12:01,73,
RTI_0289,c4817daf97463b92,"Can someone understand LEAPs better?. Is it better to be ITM, ATM, or OTM? I usually buy 3 years out, when is the best time to sell? I’m usually in $QQQ or $SPY or $APPL or $GOOG What is the best Strat for most money for least risk?",options,apple,2025-05-11 16:40:30,48,
RTI_0290,0efb65579c025f6b,Financials Sector Bucking the Trend (2024-06-21),StockMarket,american_express,2024-06-21 22:26:30,6,
RTI_0291,ab9c7cabb574fde0,Altria Group Inc. Thoughts as the dividend yielding stock of choice for 10-15 years. As the title suggests I am looking for 1 (or 2) high dividend yielding stock (6%+) Except that its tobacco (I dont smoke neither do I want people to smoke) is there any major red flag for the next decade or so.,stocks,altria,2025-01-02 11:35:32,56,
RTI_0292,4cfbae870482ffdd,"Orders take FOREVER, any reason?. What’s with the extreme difficulty getting options orders filled in a Timely manner? Missed a good couple grand by now...volatility is there, they are apple 160, 162.5, and 165 calls WEEKS out...should fill easily, can somebody help me understand please?",RobinHood,apple,2019-01-15 15:07:45,45,
RTI_0293,e3fc03d197ecd9fd,"Unsure how to proceed. I'm a 49-yo American living abroad not making a lot of money and only just started investing in Sept '23. I have a single 40k taxable account pulling $1600/yr in dividends, about 48k in other IRAs I inherited and can contribute $1100/mo to investing. Based on this, would you recommend I get more into income stocks at this point vs growth? I have $3.2K in QQQM I can put into something else. My goal is to get to $2k/mo in dividends. See image for my holdings.",dividends,arthur_j._gallagher_&_co.,2025-05-10 15:36:01,90,
RTI_0294,1b2be205e74582e0,📈📉Is the S&P 500's market breadth a sign of strength or weakness? What do you think?,StockMarket,alexandria_real_estate_equities,2024-06-19 22:54:27,16,
RTI_0295,ca793da111bfd365,"How do bank stocks perform when interest rates increase?. Stocks like bank of america, citigroup, jp morgan, american express have performed well the past months when a lot of other have seen a healthy sell of during fears of inflation and increased interest rate. My question is if this normal and expected during situations like these and if that makes them a safe investment?",stocks,american_express,2021-05-27 15:49:32,64,
RTI_0296,d109817578d27691,"I'm scared to invest more money in the stock market... I gave myself 1k last year just to see how things work but, the idea of ""letting go"" of money still freaks me out...",StockMarket,3m,2024-12-28 08:38:28,34,
RTI_0297,c14c3bf3840ab1a9,"What fund should pick, 401k?. 21m, I feel I should do 2065 target but I’m clueless.",ETFs,american_international_group,2024-05-29 23:31:18,16,
RTI_0298,b63370245c6bd2f4,Airbnb valued at $1.3bn after new funding,SecurityAnalysis,airbnb,2011-07-25 18:52:19,7,
RTI_0299,fd4520f21008493b,Vaneck Global Real Estate vs iShares Developed Property Market?. Looking to add a property etf but not sure which one would be better long term?,ETFs,alexandria_real_estate_equities,2025-02-24 10:35:37,25,
RTI_0300,ae7cef174c0c5e57,One year of investing! :D,ETFs,3m,2024-09-17 14:48:09,5,
RTI_0301,b5ab090431aab11d,Magnificent 7 ETF (MAGS). Hey so I saw a Magnificent 7 ETF and I am super interested in buying shares of the top performing equities of the year. I attached a read if anyone wants it. Here are the respected holdings. MICROSOFT CORP 15.68% AMAZON.COM INC 15.07% NVIDIA CORP 14.50% APPLE INC 14.40% META PLATFORMS INC-CLASS A 14.18% ALPHABET INC-CL A 13.25% TESLA INC 12.87%,ETFs,alphabet_inc._(class_a),2023-11-30 17:07:01,65,
RTI_0302,a45a71f6f183bd7d,Nvidia’s Margin Forecast Shake-Up: How September 9-10 Set Off Alarms in the Semiconductor Sector Amid Tesla’s China Surge and Apple’s Roller,wallstreetbets,apple,2024-09-12 12:57:19,21,
RTI_0303,000c3c683cacd9a8,BRO WHAT IS HAPPENING. These dips have me really scared. Just bought the in the NVIDIA dips and praying it shoots up so I can sell,StockMarket,3m,2024-08-05 05:19:07,26,
RTI_0304,bfe3698d73c3d9b1,"iOS update fixed Apple Watch app. Updated to the newest version of RH, and it automatically updated on my AW also. And then, boomshakalaka! I'm trading from my watch! Good vibes!",RobinHood,apple,2017-04-26 01:38:04,31,
RTI_0305,c7b11bdc0cbcd5f9,"Susanne Trimbath on Twitter. Link to article and source in comments. The inquiry by the Committee on Homeland Security and Government Affairs centers on three of the nation’s largest private-equity firms: Apollo Global Management, the Blackstone Group and KKR",Superstonk,apollo_global_management,2024-04-01 23:07:48,39,
RTI_0306,1e407b2e8fdb1411,BAML - Global Fund Manager Survey (14th Nov),SecurityAnalysis,apollo_global_management,2017-12-25 16:06:09,8,
RTI_0307,523d2f635be752b9,My portfolio going into 2017. ​Any thoughts on my stocks I'm about to take a position in going into 2017? Coca Cola American Express AT&T UPS Corning Facebook Netflix Amazon Visa Starbucks May put Hershey in for Corning.,investing,american_express,2016-12-29 16:59:15,38,
RTI_0308,a3ad168f6fb11c49,The Yield Curve Model by Campbell R. Harvey. So I read this slide from 2008: (Page 9) and I was wondering how the author came to the conclusion that the model predicts recession beginning 2007Q4 and predicts recovery beginning 2008Q4. I'm just wondering what were the calculations behind this. He's using the 5yr-3m but that's all I know.,investing,3m,2019-01-11 20:25:33,58,
RTI_0309,a00d04c39f184e03,I asked a bot for a dividend list. I asked an AI bot to create a monthly dividend payout list and this is what it gave me. What do you all think?,dividends,altria,2023-04-15 00:55:14,32,
RTI_0310,8e4d427764939a18,"Max position size without moving markets. When day trading or swing trading mega cap stocks such as Microsoft, Facebook, Amazon, and Apple, how big does the order have to be to really hit noticeable slippage? I found a rule of thumb that says if your order is under 2.5% of the average dollar volume, you should be safe. Would the slippage with a $5,000 order compared to a $500,000 order be substantial or is $500,000 for an order normal? Is $100k an eye catching order size? This is in the context of market orders.",algotrading,amazon,2020-10-02 03:06:54,94,
RTI_0311,72686a68cfc38a71,A fully RED 🔴 close to the day for the Magnificent 7,StockMarket,apple_inc.,2025-03-13 20:11:21,12,
RTI_0312,f54c2ea1af391a58,"Doing trading comps for Amazon - what companies would you compare it to?. Here is my current list, feedback would be appreciated please. 1) Online Internet Retailers / Auction Websites eBay, Alibaba Group and JD.com 2) Major Brick-and-Mortar Retail Stores Wal-Mart Stores, Costco and Kroger. For each company, I'm calculating the basic multiples - EV/EBIT, EV/EBITDA and P/E (for LTM, 2016E and 2017E). Any thoughts on if I should change the companies in the peer group?",SecurityAnalysis,amazon,2016-07-29 07:57:42,76,
RTI_0313,c29c72ad6437cf3a,Applied Materials Predicts Economic Boom 🚀,wallstreetbets,applied_materials,2023-08-30 05:46:24,6,
RTI_0314,a766efd341393ad7,WILL TARIFFS AFFECT my planned stock purchases? This is what I’m looking at buying thru Wealthsimple but money is frozen till Tuesday… are my meticulously crafted plans suddenly BAD IDEAS? 🤔,dividends,abbvie,2025-02-02 20:12:05,31,
RTI_0315,f9f46f257a430b05,"$27.67 on Aug 9, 2024? Remind me in August if it’s a glitch or not.",Superstonk,american_express,2024-05-20 13:09:11,15,
RTI_0316,bdcce22378763c5a,Ideas and suggestions are well appreciated 😊. I been thinking of selling everything and just invest everything into VOO and SCHD.,dividends,apple_inc.,2024-03-02 22:50:52,21,
RTI_0317,4c50cd8b024fe43a,"Piper Sandler raised their price target for AMD (Advanced Micro Devices) from $82 to $100, while reiterating their Overweight rating.. Today it closed at above $85 for the first time since 6th August. Up 3.94% over today. Good news for us that bought (wrongly or rightly) at or near the recent peak that week, hoping that it can break through the 52 week high and track towards $100 by the end of the year. Likely we will have to see what Q3 earnings show us on November 3rd before we say any other significant move towards the $100 target!",stocks,advanced_micro_devices,2020-08-25 21:25:54,99,
RTI_0318,07d70973da63d370,Advice on break and retest and trendline support and resistance. I'm a break and retest and sometimes trade trendline support and resistance I short when it hits resistance just like in the image above and the opposite vice versa but this year my strategy isn’t working the market isn’t respecting support or resistance and isn’t giving a retest when breaking out of a trendline at all can anyone explain why The market is just moving randomly and choppy not like it used it to in the image above,Forex,adobe_inc.,2024-09-22 21:49:48,88,
RTI_0319,f626ee289c1868c3,My first full week of trading….I might got some potential in this…🤣,RobinHood,3m,2024-02-11 15:05:32,12,
RTI_0320,052d4d967812de12,$LMDX patent news! Official PR should be soon,pennystocks,apple,2023-10-31 16:30:58,8,
RTI_0321,0c95e42edc1b4040,Amazon and Walmart are in an all-out price war that is terrifying America’s biggest brands,SecurityAnalysis,amazon,2017-04-21 00:52:07,15,
RTI_0322,aa6e028daf51daac,"My portfolio. So I've been trading weedstocks for a while and I've made enough money from them that I'm scared to loose it. So I've pulled a good chunk of my money out if weed and into some recession proof stocks, was wondering if yall could rost my choices. Molson coors Altria British American tobacco Indigo books Comcast Strongbow exploration Enbridge All the best..",stocks,altria,2017-10-18 00:15:00,64,
RTI_0323,92084c3e93bf8869,GME Utilization via Ortex - 37.8%,Superstonk,3m,2025-06-12 22:31:41,6,
RTI_0324,e9dfcced95833210,"Amazon, Anthem and Congress Put Drug Benefits Firms in Hot Spot",SecurityAnalysis,amazon,2017-10-18 20:11:42,11,
RTI_0325,d959e472e6185b58,My first few cents of dividends.,dividends,alliant_energy,2023-10-18 22:46:13,6,
RTI_0326,9cdc4df3ddb47cea,"This is my portfolio and my way to trade. Hey everyone I’ve been trading from 4 months I’ve been trading daily buying stocks and selling sometimes day trade some times day after. I’m goal is 1% even if hit 0.5 % selling it same about going down in trying to hold until 3% and so far it’s works great the thing is that you shouldn’t be greedy and have to follow this procentage. I’m buying only good stocks like, Apple, Amazon, Microsoft, nvidia, with 5000 7000 $ maximum 10000. I’m open to any tips and suggestions",RobinHood,3m,2023-12-28 17:53:36,96,
RTI_0327,a108aa4f5ec62dd6,I did it again. ULTA put credit spread 22K.,wallstreetbets,3m,2025-05-29 20:57:09,9,
RTI_0328,62c6021b588515bd,"Big Pharma. As a medical student based on what I’ve seen and converted into my investing techniques I’ve added a sufficient portion of my investments into dividend paying pharm and medical device stocks: Abbvie, Stryker, Pfizer, Medtronic’s so far have been my big dividend plays. Besides these is anyone else into Pharm, biotech or medical supplies and has something to recommend? Wouldn’t mind some small or mid caps.",dividends,abbvie,2024-03-27 18:18:37,68,
RTI_0329,dfda80ecc17fd9f9,where too invest $100k in VTSAX?. I have 100k I want to throw on VTSAX and make monthly contributions of $1500 forever. I also want this money to be readily available without penalty as I'm a real estate investor and deals come out of nowhere. I have a Schwab brokerage account I have about $20k in other single equities invested. What type of account is best for me to start this 100k off in. My goal is to get it to $3mil by 55 YO. Im 32 now. ROTH or regular IRA? Standard brokerage account? Whats the best route?,investing,alexandria_real_estate_equities,2024-10-13 16:57:50,99,
RTI_0330,a7ce598b756e691d,"NVDA Cool Off?. I’ll just start with that I’m a bulliever in rotations. NVDA has caught the markets attention for a little over the last year. I remain turbo bullish in equities but I think it’s time for some of the Megacaps to play catch up. I’m looking at Microsoft, Amazon and Apple in particular. I think these tech giants go on some face ripping rallies while NVDA chops for a bit. Positions AMZN $235 12/20/24 AAPL $ 220 12/20/2024 MSFT $525 12/20/2024",wallstreetbets,apple_inc.,2024-06-08 04:59:28,83,
RTI_0331,f20cdd7b7c63a9a1,Advanced money destroyer.. I plan to average down.,wallstreetbets,advanced_micro_devices,2025-01-12 05:17:26,8,
RTI_0332,ca413a10708da92f,"CIBC Asset Management started holding GME (per NASDAQ report; last updated June 30, 2024)",Superstonk,arthur_j._gallagher_&_co.,2024-08-12 20:25:04,14,
RTI_0333,943463dce869f023,$ADOBE calls time 🚀🚀🚀,wallstreetbets,adobe_inc.,2022-12-15 19:59:51,4,
RTI_0334,62b087fef0be7e86,Using Robinhood Gold for dividend stocks?. Im thinking of getting robinhood gold and using the $1000 additional buying power to buy dividend stocks. What is the negative side of this plan? I found several stocks have have good dividends that cover the monthly fee and than some. Example you invest $1000 in APPL. The dividend would pay $800 the cost is $72 Edit APPL is a bad example. What stock would this work for?,RobinHood,apple,2018-03-13 22:43:52,74,
RTI_0335,3f04b6ca5379fb77,"ABBV CEO just sold 231,604 shares totaling $22.4 million!. Just saw this news and will be adding to my position tomorrow. Take a look at the chart, all the technicals are pointing to a big drop and the CEO selling his shares should perpetuate the next leg down. I have ABBV put options.",stocks,abbvie,2020-11-13 00:22:22,53,
RTI_0336,9aad83281b753499,"Howard Marks on Strategy, Europe & Real Estate [14min]",SecurityAnalysis,alexandria_real_estate_equities,2012-07-13 18:02:19,9,
RTI_0337,5702e43d6819e119,Best investment option from this list?,ETFs,american_international_group,2024-11-08 08:17:44,6,
RTI_0338,3114fec4386d280d,"Apple’s Next Device Is an AI Wall Tablet for Home Control, Siri and Video Calls",wallstreetbets,apple,2024-11-12 21:10:40,15,
RTI_0339,73d67db82a711cda,Top three. Been investing for the past 13 years…what’s your claim to fame in the market? Value-days value-%up-cost/share-initial cost,StockMarket,apple_inc.,2024-12-10 21:07:10,19,
RTI_0340,a15714e98a20a296,"Margin and where did my profits go. I was moving to close all margin on robinhood, so I sold an amazon stock at $3,348. I had bought it with margin at 3,194, which leaves me with a profit of $154. I went and turned off margin, when I went to withdraw the $154. My withdrawal cash amount was 0. Where did my $154 go, does it have to settle first? Edit: thanks for the help, I appreciate it!",RobinHood,amazon,2020-10-16 17:41:13,78,
RTI_0341,152dd52ce616b178,My first time having someone use my free stock link and bam I get an apple stock!! Today's my day !,RobinHood,apple,2017-09-10 21:12:45,21,
RTI_0342,8e80c4c77bab8d6e,Gold short setup. Could we see gold retrace back to that 2680 zone before continuing on its way down?,Forex,3m,2024-12-16 10:39:24,19,
RTI_0343,e2bf6c38f366f2b2,"In honor of recent announcements for: GameStop x Gods Unchained and GameStop x FTX. I myself will partner with locks of love and donate my hair. BUT GameStop will have to close over 25$, shareholders will have to have DRSed 70+ million shares, and Citadel EU has to enter liquidation.",Superstonk,american_express,2022-09-09 16:10:44,50,
RTI_0344,a11406568918eb70,Upcoming Penny Stock Catalysts in biotech and pharma for May 2025 (FDA/PDUFA),pennystocks,apollo_global_management,2025-05-13 17:40:17,12,
RTI_0345,9ee3bb7bfb140475,Love the new design of the graded card section! Includes PSA grade in bold and the current market price so you can see what a great deal you're getting!,Superstonk,arthur_j._gallagher_&_co.,2024-08-13 16:00:56,29,
RTI_0346,028240106ad853a5,Once again this picture applies,Superstonk,alexandria_real_estate_equities,2025-04-04 19:06:14,5,
RTI_0347,ce4f497e55dcba9a,"RADA. This is not your typical tech stock, nor is it ever mentioned on reddit so thought it was worth bringing up. This is a defense company that sells defenses electronics, notably it sells mountable radar for drone detection. The company has grown its revenue 16% from $17.5M last quarter to $20.3M Q3 2020. Crazy enough it's net income jumped nearly 200% from $707K to $2.13M. It seems like a sleeper stock in a growing sector and pretty sound financials. If anyone has some insight on this company feel free to chime in!",stocks,3m,2020-12-15 19:26:45,93,
RTI_0348,2e93cb90c6dea4f8,Perfect entry🙃 i guess..,Forex,arthur_j._gallagher_&_co.,2024-09-11 14:30:47,4,
RTI_0349,f406aaca9bca021a,Early Bird- the Power of Investing Young. Why to invest young In depth review from Rational Walk Strategies and practicalities on starting early on the road to financial freedom,SecurityAnalysis,amazon,2018-10-28 19:50:25,29,
RTI_0350,10f6dd280c0ba70f,AMZN earnings.. wasn't it as expected?. with Tariffs heavy on China and AMZN's products mostly coming from china as well. i know Amazon has other business lines but to me warehouse/logistics can't really sustain long due to cost reasons. Q1 beating is obvious still tariffs not effective. guidance is what got screwed it seems like. tbh im surprised MSFT got pumped so high. but what are your thoughts?,stocks,amazon,2025-05-01 20:48:43,68,
RTI_0351,85dad6e81e497cba,"Portfolio advice. M22 currently studying part-time and working, DCA monthly. Long term investment possibly for down payment on house etc. Any advice to improve my portfolio will be greatly appreciated, always looking to learn and improve.",ETFs,advanced_micro_devices,2024-05-06 08:28:48,36,
RTI_0352,8975f7379b2d09a5,Altria's Investment History: It's Better Than You Think,ValueInvesting,altria,2023-03-05 20:51:16,8,
RTI_0353,5375c2dffce5290e,52M Investment Portfolio. Have $200K in 5% treasury expiring on Oct 1…Would appreciate your thoughts on where to reinvest.,dividends,abbvie,2024-09-06 09:47:42,19,
RTI_0354,54f218df5e43ff4f,"Airbnb skyrockets 115% in public market debut. Airbnb opened at $146 per share on its first day of trading on Thursday, more than doubling the $68 per share price set for its IPO the day before. The company is going public at a time when the sector has been battered by reduced-travel trends during the public health crisis. Investors should not buy at this price level. This is very expensive. People should wait for pullback to buy in.",StockMarket,airbnb,2020-12-10 19:21:42,78,
RTI_0355,84c792c4311248ac,"Algo Regulation: How far off is it & comments on the future of Algo?. I'm new to algo and to this group but extremely interested. Given the problems with Knight Capital and news-worthy incidents in 2010... Do any of you know of any potential efforts by ""the powers that be"" (re:politicians) to reign-in or regulate algo trading in any way?? What are your personal thoughts on the future of algo politically or otherwise?",algotrading,arch_capital_group,2012-08-06 22:12:25,73,
RTI_0356,ee8e4a9abef733be,The Impact of Higher Interest Rates On Real Estate,SecurityAnalysis,alexandria_real_estate_equities,2013-05-21 18:06:28,9,
RTI_0357,becb9ebfc79b9f7a,"More UBS, Debit Sus, stuff",Superstonk,arthur_j._gallagher_&_co.,2025-03-18 23:06:21,5,
RTI_0358,0b00be02f53cfe1d,Amazon Walmart Nvda... Earnings Feb 2025. Curious to know which call or puts everyone's getting into ?,options,amazon,2025-02-05 06:20:10,17,
RTI_0359,97dae34fad037d19,Reasonable Valuations - AirBNB + DoorDash = GameStop?. ​ Seems reasonable to me!,wallstreetbets,airbnb,2020-12-12 19:43:37,13,
RTI_0360,993ca4550e961bdc,Another day of JP Morgan Private talking shit on Instagram,Superstonk,arthur_j._gallagher_&_co.,2024-08-31 10:48:56,10,
RTI_0361,715ef2b731f20e6f,Largest landlord in USA using vacant apartment buildings as Airbnb medium term hotels. Greystar and Airbnb trying to make money regardless of the pandemic. It also means Airbnb’s inventory is a lot bigger than advertised.,stocks,airbnb,2020-12-10 05:55:09,35,
RTI_0362,3c2c9a0cf8729c86,"21, everything in VOO ?. I’m 21 years old. Just got started with my Roth IRA. I’m confused with the things that I read, different people have different opinions on what to invest in. Should I put everything in VOO then? I really want to get serious about this. Thank you for your help!",ETFs,3m,2024-11-14 21:28:12,54,
RTI_0363,8218a3de62bd27de,"Blackrock Webinar Transcript: ""No one calls their broker and says, get me the latest BlackRock, California Muni Fund or the latest BlackRock ESG fund. They say, get me Nvidia, get me Amazon, get me GameStop lately"" 🐂🐂🐂🐂🐂🐂🐂",Superstonk,amazon,2024-05-23 08:52:04,37,
RTI_0364,b5b2bfa8566b151a,Don't Know what MMM did to Piss Off the Market - But it has few friends now,StockMarket,arthur_j._gallagher_&_co.,2022-08-30 01:41:50,17,
RTI_0365,c906ca864a65788d,"My lose that I get form EURUSD currency pair. Even though I have made all the necessary analysis on higher time frame, I get liquidity by the market. This currency pair has been bearish for quit some time. what do you think about my trade? what can I do better to get consistence profit?",Forex,3m,2024-10-29 12:18:35,54,
RTI_0366,e156998c63351e3e,"Top 3 most active stock again！. Buy, hold, DRS",Superstonk,apple_inc.,2024-06-12 20:10:27,9,
RTI_0367,cfdf6b75fffc3ac2,Amazon: A New Kind of Antitrust Risk,SecurityAnalysis,amazon,2020-08-27 10:50:04,7,
RTI_0368,57dc82bebd02ea33,"I'm thinking of just buying into all 4 of these tech ipo's that keep getting talked about. Roblox Airbnb wish and doordash. At least one of them has to blow up right?. And that'll likely outweigh the ones that lose. It seems like the only way they fail is if a competitor sprouts up and overtakes them, but then we'd see that happening ahead of time. Idk what do you guys think? Is it a good idea to just buy pretty much all new IPO's or try to pick the best 1 or 2 and invest heavy.",stocks,airbnb,2020-12-08 16:40:49,97,
RTI_0369,875c4c354a0a9bfe,"($ACIC) Archer Aviation lands $1B order from United Airlines and a SPAC deal.. The electric aviation company is going public through Atlas Crest Investment Corp. and has the support of American Airlines. This is exciting news for the future of aviation. Electric vehicles have a arrived as the future of ground transportation, it is only a matter of time before the same happens for air transport and travel. Obviously do your research, check out the link below and do what's right for you. However, again, exciting times.",investing,american_electric_power,2021-02-12 16:29:54,87,
RTI_0370,4b362a2bf0c3423d,"Korean Ape/Ant here. One major broker just offered to send Proxy Materials for voting!. One of the largest brokers in Korea just sent out a text message notifying that GME holders can apply to receive Proxy materials. Funny thing is, I've been using this broker for two years now, and have never received a message about voting. It seems like ants kept pressuring them about voting, and they finally caved 🚀🚀 Now if you'll excuse me, I need to be on hold for 30+ minutes before I can connect to customer service...... To the moon🚀🚀🚀",Superstonk,applied_materials,2021-05-06 02:23:44,95,
RTI_0371,cdd3452d41e77b15,Earnings for the week of Oct 31st,wallstreetbets,air_products,2022-10-28 20:53:34,7,
RTI_0372,b665cde9269e3926,Next Week Earnings Releases by Implied Movement,StockMarket,american_electric_power,2023-02-17 22:54:06,7,
RTI_0373,d34adec31ca9207e,Thoughts on VMO. I am looking to diversify into a tax free municipal bond fund. What are your guys’ thoughts on VMO? Or any other quality alternatives? Thanks! I am 56 and retired. Invested mainly in income producing equities and real estate.,dividends,alexandria_real_estate_equities,2025-06-15 18:41:58,42,
RTI_0374,f9553f93614c8a8c,"Non-USD pairs originally with USD. How does trading non-USD pair work if I am an American trading with USD in my TD Ameritrade account? For instance, I want to trade the EUR/JPY, but am I indirectly also trading the EUR/USD because TD Ameritrade is going to first put my dollars to euro to be able to trade the pair? Thank you in advance!",Forex,american_water_works,2020-12-04 20:58:32,63,
RTI_0375,cf97bc7a1264a19f,Tech Stocks Today,StockMarket,airbnb,2022-11-11 06:56:11,3,
RTI_0376,ae72f3661ab36e0f,"401K Allocation recommendations. Hi all, I only recently decided to look into what my GF's 401k was being auto allocated to. It's been allocated to 100% AREUX, which doesn't look to be too great. She is 30 if that helps with the recommendations. Below are the options with the expense ratios/Symbols/Types etc. Thanks in advance!",ETFs,alexandria_real_estate_equities,2024-07-11 00:07:23,55,
RTI_0377,1d53fe3ed683bd0c,"REITs / real estate bubble. If you think that at the moment we are probably in a real estate bubble, would that imply that REITs are not as attractive as they may appear at first glance? O and FRT (for example) look pretty attractive, but I'm a bit nervous that real estate may be a bit of a house of cards at the moment. Opinions?",ValueInvesting,alexandria_real_estate_equities,2025-04-06 19:26:42,65,
RTI_0378,fc2dd80a3469e215,Should I keep throwing money?. I dont know what to do. I want to keep throwing money into the market. I have Microsoft stocks. I have american tower stocks. Spce stocks. Tsm stocks. I wanna keep putting money into them and keep buying shares but I have no idea how to plan this out and make goals about what stocks to keep putting into and what new stocks to keep buying. This sucks. I'm stuck. Help?,StockMarket,american_tower,2020-01-28 23:48:55,76,
RTI_0379,b8a47373bd14208c,What do you guys think about GBP/JPY?. ​ TP 1 got smacked and moved my SL to breakeven. Do you guys think we will be able to get to TP 2 (highest red line which we almost hit) or final TP? Or will we go lower? What is your analysis? Edit: We hit TP 2 before getting stopped out at break even and made some decent profits,Forex,3m,2024-04-30 14:58:05,67,
RTI_0380,0fe8e610ef1a3438,"Beginner to this. Any advice?. I kinda don’t know what I am doing , I am a beginner, any advice?",RobinHood,3m,2024-02-08 21:42:24,20,
RTI_0381,c77f0dc0e0dd8dd7,Is there any reason why starbucks will not be in downfall today??,wallstreetbets,apollo_global_management,2024-10-30 14:17:13,12,
RTI_0382,d99b16869158afbc,"$GIK commons and warrants SKY rocketing. As expected .. both commons and warrants going off in early trading. Should see significant upside when the definite merger comes through with Lightning E-Motors. Partners include Amazon and Plug Power. Don’t let this one slip by, still huge upside left!!!!!!",SPACs,amazon,2020-11-20 13:36:30,47,
RTI_0383,11bb2e1f5b3b8e77,"Thought on Berkshire style $OMAH income ETF?. I like Warren Buffett and Berkshire and i’m considering $OMAH (VistaShares Berkshire Income ETF) for its 15% monthly yield target and focus on “great” businesses with high moats and strong cashflow, as highlighted in a recent Barron’s article. Is this yield sustainable long-term, and will the principal hold or appreciate? How does it compare to JEPI or JEPQ for income and growth?",dividends,apple,2025-06-17 14:27:30,69,
RTI_0384,9107c5992858332e,"$ACGX - announce the Company’s real estate property located at 6403 N. Wayne Ave & 1324 W. Devon Ave, Chicago, IL has been successfully sold for $3,450,000.. $ACGX - announce the Company’s real estate property located at 6403 N. Wayne Ave & 1324 W. Devon Ave, Chicago, IL has been successfully sold for $3,450,000. This sale now represents a reduction of $3,311,552 in Liabilities from the 9/30/24 Balance Sheet along with $264,243 in cash deposited in the ACGX bank account.",pennystocks,alexandria_real_estate_equities,2025-05-29 14:52:30,80,
RTI_0385,7d95b5207e12254a,Who agree?. Who agree with the text in the book?,Forex,apollo_global_management,2024-01-02 19:56:27,10,
RTI_0386,a56d96a800f9da95,AMD killing my gains. Last week my portfolio reached $305k. Massive swings this week. Sooooo much fun.,wallstreetbets,advanced_micro_devices,2025-01-11 21:17:39,17,
RTI_0387,819cde2869130bf1,Is trading luck? Or there’s something ion know about?🥲. Jj,Forex,alexandria_real_estate_equities,2024-11-29 13:11:49,10,
RTI_0388,a2389eefeadbefeb,"Rivian and Lucid. Curious what your opinions are of these two companies? As some people are dumping Tesla and they are offering incentives. In general could this environment push either to become profitable? They also both have deep pocket backers. Anyone think it’s a good time to buy a few hundred dollars or a )1,000 of each and hold long term? One has the Amazon contractor & the other is heavily backed by Saudi.",stocks,amazon,2025-03-22 06:40:03,74,
RTI_0389,2dce32d74843a46d,"Why is my VOO portfolio not matching S&P500?. I have more than 90% of my portfolio with VOO which i bough gradually with time. However, when I see the performance of my holding against S&P500, there is a difference of 10% (S&P500 being higher). Anyone can help me understand. FYI Early on I also bought individual stocks like apple, google, meta, tesla etc along with VOO in nearly similar qty.",ETFs,apple,2025-01-25 19:05:40,70,
RTI_0390,677287135f92625d,"Big Tech - Net Income, Operating Income, and EBITDA (updated with Nvidia earnings)",wallstreetbets,amazon,2025-02-27 00:19:09,13,
RTI_0391,bdab16f884dd9ae5,What should I draw next?. They call me the bob ross of investing,wallstreetbets,3m,2025-06-06 14:04:22,13,
RTI_0392,195209ff26d3daf2,"Thoughts on STWD V.S. FSK?. I've been doing some research into Starwood and FS KKR CAPITAL CORP, and am trying to decide which one is better to own between the two. I thought I would come here to get thoughts from others in the group.",dividends,arch_capital_group,2023-11-14 20:02:08,45,
RTI_0393,cc8f4354bb3b68e5,Do any ipos ever go up in value right off the bat?. I honestly havent dug too deep but any company that ive seen ipo in the last x amount time seems to just drop in price.. im just curious since airbnb might ipo soon.,stocks,airbnb,2020-06-25 03:53:42,45,
RTI_0394,43ee7e2a46889dcf,"First day of trading on RobinHood, pick-out a few stocks and this is what the results.",RobinHood,3m,2017-08-08 23:20:50,16,
RTI_0395,9821739e89c40351,EA with News Filter turned off Vs Turned On. Running 2 variations of my Scalper and thought it would be a nice risk reward venture to leave one with the news filter turned off. Never again!,Forex,alexandria_real_estate_equities,2023-10-17 11:15:35,36,
RTI_0396,21d1f2b2ab98e8d4,GME Utilization via Ortex - 36.92%,Superstonk,3m,2025-05-13 21:11:39,6,
RTI_0397,ecff67f8d197547e,Apple is one of us,wallstreetbets,apple,2023-09-14 02:24:02,5,
RTI_0398,542613ea0a3ec7a3,How am I doing diversification wise,StockMarket,advanced_micro_devices,2023-12-14 01:51:19,6,
RTI_0399,0aa48fbfed504c4b,"Thoughts on portfolio?. Hi all, currently in my early 30s with my current goal being growth. Any advice on my portfolio is greatly appreciated thank you!",dividends,american_international_group,2024-10-19 00:00:53,26,
RTI_0400,f3d1cd00a2537975,"What is your opinion on Synchrony Financial (SYF)?. Synchrony Financial, is a credit card company that provides a range of services. According to suredividend.com, SYF has much room to grow, even though there are much bigger credit card companies on the market like American Express. They don't have a long dividend history so I'm still not sure if I want to buy this stock. What do you think of SYF?",stocks,american_express,2023-01-04 06:42:55,70,
RTI_0401,47757b86aeff818d,"50k to fund a newly opened self directed IRA. Scale of 1-10 how we looking…. 1. Broad Market Equity Exposure: - Vanguard Total Stock Market ETF (VTI): $15,000 - Vanguard Total International Stock ETF (VXUS): $5,000 2. Sector-Specific Equity Exposure - Vanguard Information Technology ETF (VGT): $5,000 - Vanguard Real Estate Index Fund (VNQ): $5,000 3. Dividend-Focused Investments - Vanguard High Dividend Yield Index ETF (VYM): $5,000 4. Fixed Income and Cash Equivalents: - Vanguard Total Bond Market ETF (BND): $10,000 5. Individual Stocks: - Apple (AAPL): $2,500 - Microsoft (MSFT): $2,500",investing,apple,2025-02-25 04:59:37,92,
RTI_0402,a1cbeea684b7c335,"Most Anticipated Earnings Releases for the week beginning January 23rd, 2023",StockMarket,arthur_j._gallagher_&_co.,2023-01-21 13:06:17,11,
RTI_0403,e7faaead963c248e,This company makes drinks that help reduce BAC. Company is called safety shot. It’s a pretty interesting product. I haven’t tried it yet but I did purchase some stocks,RobinHood,3m,2023-11-20 21:25:27,29,
RTI_0404,466e34198136c134,"dumb question about SGOV/BIL. Could someone explain why it would be a bad idea to sell at the end of the month and buy again after the drop? Miniscule returns, of course, but would this theoretically work, given the reliable pattern? I assume at the very least this would be tax-inefficient. Obviously seems too good to be true.",ETFs,3m,2024-04-28 22:12:59,58,
RTI_0405,29dc3dafbd0bab4a,I haven't seen GAMSTOP since $9- $50...,Superstonk,apple_inc.,2024-08-01 13:27:18,7,
RTI_0406,f55103cd70046704,"My boss gave me $700 to “buy the dip”, how do I invest this wisely?. The title is explanatory. I have about $1500 split between NVIDIA, SPLG, and Apple. I’m very new to all of this. I’d like to invest it in an intelligent way, but am tempted to throw it all on NVIDIA to just bring my average cost down a bit. How do would you handle this? I apologize if this is a stupid question.",stocks,apple,2025-04-03 22:22:20,77,
RTI_0407,072ca6c7333e10e5,What OS should I be using?. What base operating system is everybody using? 1. Microsoft 2. Apple 3. Debian 4. rpm 5. Other I’ve heard Debian is the easiest/best for this industry?,algotrading,apple,2023-11-04 05:02:24,32,
RTI_0408,7ad64798d4960d8d,Walmart Does Something Incredible That Amazon Has No Quick Answer For,SecurityAnalysis,amazon,2017-04-16 07:28:47,11,
RTI_0409,7b14d8813c0faad9,"Seeking Advice. I currently have a portfolio of 13 stocks. PepsiCo Colgate-Palmolive McDonalds Chevron Exxon JPMorgan Chase BlackRock Johnson & Johnson MedTronic Honeywell Caterpillar Texas Instruments MicroSoft These stocks were chosen as dividend growth stocks, not simply off yield. I created an index based on payout ratio, dividend convergence ratio, Debt-to-Equity, and so forth, and these were the stocks I ultimately went with. My question: What is the advantage / disadvantage to investing in 1 or 2 ETF such as SCHD as opposed to what I am currently doing?",dividends,arthur_j._gallagher_&_co.,2024-12-19 23:35:41,89,
RTI_0410,501a935fbc48a856,why prices are different between Apple's annual report and Nasdaq?,RobinHood,apple,2022-11-13 02:30:31,10,
RTI_0411,d4f6aebef2f47940,GMEU FTDs just keep getting bigger and bigger,Superstonk,3m,2025-06-16 16:00:59,8,
RTI_0412,06dc58515be4857b,S&P 500 Sectors Today - This is Why Funds Have Been Dumping Tech Stocks For Weeks,wallstreetbets,alexandria_real_estate_equities,2024-07-17 17:50:00,16,
RTI_0413,4bb37c483cda062a,Judge Sides With Einhorn and Halts an Apple Shareholder Vote,SecurityAnalysis,apple,2013-02-24 22:09:08,10,
RTI_0414,86ab1e41d612cc02,"Climate-Driven ETF: Investing in disaster response & resilience?. Hey everyone, I'm new to ETFs. With everything going on due to climate change—more wildfires, floods, and so on—are there any ETFs out there that focus on companies working in risk management, wildfire control, or water purification? Thanks",ETFs,american_water_works,2025-06-25 12:57:39,46,
RTI_0415,6137ee1eca715022,NVDA betrayed me.,RobinHood,3m,2017-08-11 12:25:40,3,
RTI_0416,ba3b4918d51588e2,"Book purely about analysis cases. Hello I always found it useful when author provides some real cases of valuations. Like how Icahn bought Apple because of pile of cash sitting on their balance sheet. I was wondering wheter is there a book, that only contains folder of great company analyses done by some famous investors.",ValueInvesting,apple,2025-06-09 21:41:05,55,
RTI_0417,beda542179621367,is it normal for GameStop to at times not be specifically listed as an available company to inquire about with Computershare? this was about 30 mins ago- I’ve never not been able to choose them on the menu…,Superstonk,abbvie,2022-11-22 19:27:53,38,
RTI_0418,8c171a8aa22e3374,Top 10 S&P 500 companies by market cap weighting since 1980. MSFT is the reining champ for persistence.,wallstreetbets,american_international_group,2024-01-09 15:16:18,18,
RTI_0419,76d7386a971b4104,"Motley Fool looking ahead?. Motley Fool Assest Management apparently bought 5.1k shares in our beloved stock last month. I don't really know what this means but it caught my eye whilst browsing through my IBKR account. This is the company, with links to Citadel LLC, that went to great lengths two years ago to tell investors to ' avoid GME like the plague' and 'don't invest in GME '. They would at the time also publish a couple of negative articles about GME on a daily basis. \[edit: added photo\]",Superstonk,apollo_global_management,2023-12-15 10:19:36,90,
RTI_0420,4ab726101ffe0929,"$RDAR working to increase app downloads while reducing bullying. RDAR news out this AM RAADR Retains K & J Growth Hackers, an Award-Winning App Launch Firm to Market and Grow Its User Base for Its Anti-Bullying Social Media App and Platform Maxim headed up growth marketing for TikTok / ByteDance in 2019, responsible for its explosive growth in USA, UK, and Brazil during 2019-2020, driving over 18,500 TikTok installs in 24 hours",pennystocks,arthur_j._gallagher_&_co.,2023-08-03 14:47:12,72,
RTI_0421,b9d5a0cba2dd999d,Most Anticipated Earnings ahead of the week!,StockMarket,airbnb,2023-02-13 06:20:05,7,
RTI_0422,98af9a61cfb6ff0e,"5 New things to know in the market on Wednesday. The top five things you need to know in financial markets on Wednesday, July 31 1. Fed expected to cut rates 2. Apple, AMD provide mixed messages on earnings front 3. U.S.-China trade talks end without clear progress 4. U.S. futures rise on earnings ahead of Fed decision 5. Euro zone economic growth halved in Q2",Forex,apple,2019-07-31 11:37:47,66,
RTI_0423,a22ef3707ed708a8,"Amazon's profits, AWS and advertising",SecurityAnalysis,amazon,2020-09-06 19:02:45,5,
RTI_0424,7c6760087e5a6fb8,"Wolverine Trading, Llc - 13F-HR Filing - 2024-03-31. They sold off a lot of positions last filing and it's hard to figure out exactly how much everything is worth. One website is claiming they have a valuation in the trillions.",Superstonk,apple,2024-06-11 17:43:01,40,
RTI_0425,ad5f12ac5647fe5a,Data centers powering artificial intelligence could use more electricity than entire cities,wallstreetbets,american_electric_power,2024-11-23 13:09:00,12,
RTI_0426,356d2dfb909bc2d7,"I doubled my passive income in just six months. Now I'm earning $12K annually and $1K monthly. Recently, I invested in more shares of SCHD, JEPI, ABR. My target is to reach $50K per year, and I'm working towards it gradually.",dividends,arthur_j._gallagher_&_co.,2024-01-11 16:22:22,41,
RTI_0427,3f74fd16d80c0248,HIMZ 2x ETF YOLO. I’m telling ya- HIMS is in a fantastic position on both a fundamentals and technical point of view.,wallstreetbets,3m,2025-06-18 18:16:04,22,
RTI_0428,81cc46abb8e02619,"What are some prominent European cloud services providers, which are publicly listed ?. Sooner or later, non-USA world is going to realize the risks of depending on American cloud providers, similar to how Starlink is proving to be, in Ukraine. What cloud providers of European origin I could look at for investing that could take over from the likes of Amazon and Microsoft?",investing,amazon,2025-03-07 01:28:39,63,
RTI_0429,ed1c9ebee4433646,$103 in 1 Month..Not bad!,RobinHood,3m,2017-08-04 23:27:03,5,
RTI_0430,c82761c5efeb4d7e,M21. So far this what I got.. Been buying stocks here and there since high school but started taking it seriously last couple years. Been buying about 20-25% of my income to ETFS every week and don’t plan on stopping anytime soon.,ETFs,3m,2025-02-07 22:05:09,42,
RTI_0431,111da3687666b1d0,"Christmas /NY spending & effect on stocks. What are your picks?. With all the Christmas/New Year spending around the corner from gifts to travel spending. I was wondering if this would be a good time to buy specific stocks for short term. Im thinking following companies may benefit - What are your thoughts? Amazon Airlines (Southwest, Jetblue, AA) BestBuy Shopify Hotel Chains Credit & Buy now pay later (Affirm) What is your thesis and experience with companies which benefit from this spending?? has this held true for you?",investing,amazon,2024-12-14 18:02:42,88,
RTI_0432,a7707437d05a0fca,"CBRE Global Real Estate Income Fund. With almost 15% dividends rate, it sounds too surrealistic, what do you think about it? is it a good Idea to buy some shares?",dividends,alexandria_real_estate_equities,2025-01-03 15:06:22,30,
RTI_0433,ba9fe8a64c44bd12,Need help.. I’m 17 years old and currently have 20k I have contributed to my stock account (custodial my dad runs but I contribute 100% of the money.) I want to buy a rental property but was thinking maybe just get a bunch of dividend stocks instead that serve the same purpose of “rent” each month? Looking at msty but know it’s not super long term. What dividend stocks could I buy if any to justify holding stocks instead of real estate. TIA!!!,dividends,alexandria_real_estate_equities,2025-06-10 17:33:38,83,
RTI_0434,c431a7ecfe6e3dba,Anybody else see this and just giggle???. I laughed out loud when this popped up today and my wife said “what did Cramer say now?”. I think she knows I’m kind of involved still on some days. 😉🤣🤣🤣 All I can think is how fake and corrupt our financial market is and how more people aren’t screaming this. We need changes!!!,Superstonk,apple,2024-12-20 16:43:16,61,
RTI_0435,6a92ffab5dcae1d5,How Bad Will It Get for American Express?,SecurityAnalysis,american_express,2015-10-16 16:16:58,8,
RTI_0436,0b0d538b338dc815,now that this weeks earnings are over. it's time to start preping for next weeks.,StockMarket,airbnb,2022-10-28 20:36:40,15,
RTI_0437,327654d2bfdfcdec,30 Year Treasury crosses 5% and continues to rise. What does this mean for the market?,wallstreetbets,3m,2025-05-21 21:05:56,16,
RTI_0438,16a04e0b1514c07e,"Federal Funding coming to a hault. There was DD last spring that liquidity was drying up due to the BTFP (Bank Term Funding Program) coming to an end. I remember them extending the program at least once. But with this news it makes me think it'll somehow effect the financial sector & banks, hedge funds. Any one with more macro economical brains care to elaborate?",Superstonk,american_international_group,2025-01-29 04:40:05,65,
RTI_0439,b524cb6d2f4ca255,American States Water (AWR) Dividend Stock Analysis,dividends,american_water_works,2015-05-19 15:59:27,7,
RTI_0440,f233ea50027a6d30,Good news but high gap. So some interesting weekend news on this stock but from what I’ve learned recently I shouldn’t buy on the way up. Thoughts ?,RobinHood,3m,2017-07-30 04:04:56,28,
RTI_0441,48856f650f1db5b6,"Beware Apes: Citadel Securities new part-owner and member of the Board, Alfred Lin from Sequoia Capital, is also one of REDDIT's main owners/investors.. Citadel Securities valued at $22 billion after investment from Sequoia, Paradigm ​ https:\/\/ ​ https:\/\/ Sequoia is a Private Equity firm, they had / have stakes in a tonne of businesses, including: Reddit Nubank DoorDash Snowflake Apple FTX AirBnB Stripe Okta Square Instagram Unity Whatsapp ​ At first sight, this really doesn't bode well for Reddit and this sub in particular.",Superstonk,airbnb,2022-01-12 01:34:28,84,
RTI_0442,392c45a1cd57f512,Any ETF's with both Tesla and Amazon?. Any ETF with Tesla and Amazon heavy?,ETFs,amazon,2020-06-17 19:54:13,14,
RTI_0443,f271c1c06855f3ce,"What happens if a stock is to expensive?. Hey so I’m pretty new and tryna learn into investing. But question….most successful continues like Apple, Walmart, Microsoft are priced mostly under 500 a share on the stock market. Now say if that stock rose up to 1k or maybe even 2k would it be delisted or would ppl like Robinhood and other investing apps keep the stock share up there expecting people to still buy shares or what happens if the stock gets too expensive?",RobinHood,apple,2024-07-05 20:48:12,84,
RTI_0444,9fb2c42ad6502162,Adobe Inc... Buy in the next recession. With strong financial statements and its integral position in technology and creativity Adobe has only innovated itself as well as its intrinsic value and would be worth buying on sale.,ValueInvesting,adobe_inc.,2019-03-24 17:03:18,37,
RTI_0445,7c64776afec4f9d6,Only 7 Stocks Are Powering the S&P 500 (The Myth of the Diversified Portfolio):,wallstreetbets,advanced_micro_devices,2023-06-17 20:34:54,14,
RTI_0446,af4250cb86af9127,"21 year old’s portfolio. Skipped college atm to build YouTube channels. I intent to hold these longterm and DCA, but I might not be able to add as much money (comparatively) later in life. Backtests show great results but if we get something like the dot com bubble and tech gets destroyed I could get a bit f-ed. I wanna beat the market by a little and adding a bit of 2x seems better strat than cherry picking individual companies. Lmk your opinion/advice.",ETFs,3m,2024-08-08 23:09:35,83,
RTI_0447,82e1ad02b7429285,What do you guys think about these stocks. I have been looking at different stocks and those are the ones that stuck out to Me. looking for some opinions! Thanks.🙏,dividends,amazon,2025-03-15 22:15:09,30,
RTI_0448,b5c4bf3bd980e5cc,Bruh 💀. I get stopped out and then the trade goes on my favour,Forex,3m,2024-10-03 14:38:48,14,
RTI_0449,841e59630b28fafa,"Need help finding the price of this note!. Hi everyone, I'm new here and I need some help! I'm currently working on a school project to evaluate this goldman sachs issued note back in 2011, does anyone know if I can find the traded price of this note? I've basically found the historical prices of apple, option prices and risk free rate. It would be nice if I can could find what is note was actually traded for. Thanks a lot. If bloomberg terminal is needed, how would i find this note? Thanks.",SecurityAnalysis,apple,2017-11-17 23:09:41,93,
RTI_0450,2e34f08d3103d95c,"Can you close a SOLD put option before expiration?. And if so how? I understand I only ever receive the initial premium on a sold Put but sometimes it would be nice to close out the option even if I lose some money back or whatnot before it gets executed and then I'm stuck holding a bag of 100 shares. Current example is I sold a put for 1/13 Apple $133, and would rather not have the risk of getting executed for 100 shares at $133.. Thanks for any help.",RobinHood,apple,2023-01-06 22:54:13,90,
RTI_0451,dd94d071c3ca2037,"Apple joins AI data center race, orders $1 billion in Nvidia systems",wallstreetbets,apple,2025-03-29 13:22:16,12,
RTI_0452,18e55f06d595e369,"25M, need help , new into dividends.. 1- My current portfolio, my ETFs are for the long run (minimum 10 years from now), i bought 15 stocks of Nvidia few months ago i sold the inversion and the 1700 are the benefits (it was a good buy). 2- i have think about buying 2 stocks and 2 ETFs highlighted. My strategy is having a portfolio with growth/value oriented investments mixed with safe and long run oriented dividend (3-4 % anual yeild) investments.",dividends,arthur_j._gallagher_&_co.,2023-07-29 15:49:56,82,
RTI_0453,14a6fb8b4382c20a,"This year was hard, but now I can have 3 meals a day from my dividends! Haha. My portfolio is down 1600$ this year, but dividends keep flowing. It might be not the most profitable strategy, but DGI is most comfortable for me. Hope your portfolios doing well, Merry Christmas!",dividends,altria,2022-12-23 15:08:43,50,
RTI_0454,76f9b4801e4cbfc9,"CHUC - NICOTINE MARKET. Y’all gotta check out the experience between management and the board of directors… The original deadline for PMTAs to be submitted was Sept 2020, with an initial ruling “deadline” scheduled for Sept 2021 for millions of products. 99% of those millions have received denial orders, and they received them years ago… Charlie’s Holding’s products have been in the remaining 0.1% without an answer for years now. A lot to digest here- but very interesting",pennystocks,arch_capital_group,2025-06-18 01:36:09,78,
RTI_0455,12f59d89ad56b022,"MusclePharm $MSLP worth a gamble?. I was walking in Costco and passed their supplements area. I saw tubs of MusclePharm protein powder, looked decent and I recognized the same from Twitter. Turns our they're a 40 cent OTC stock. I've never traded an OTC stock before and my broker has high fees on them. What do yall think of MusclePharm? Has any of yall used their products and like/dislike them? I also looked on Amazon and seems like they have a decent number of sales on there as well. Might throw a couple hundred at it for poops and giggles",pennystocks,amazon,2022-02-08 20:10:35,100,
RTI_0456,44ecaf39a559d97a,Lineup for my son - been putting in since he was born. VNQ has been hit hard since Covid,StockMarket,apple_inc.,2023-10-01 20:04:38,19,
RTI_0457,a6cceb937d08f89a,Bezos is selling Amazon stock. (Bloomberg) -- Jeff Bezos disclosed a plan to unload 25 million additional shares of Amazon.com Inc. worth $5 billion on the day the stock hit a fresh record.M...,wallstreetbets,amazon,2024-07-03 15:11:11,33,
RTI_0458,cadf809ba1aa3e86,"JUST IN: Ryan Cohen just moved 22.3m $GME shares into a Charles Schwab account, likely as collateral for a massive margin loan, according to the latest 13D filing!. Sorry if this was already posted.",Superstonk,3m,2025-04-05 18:53:18,34,
RTI_0459,73e4c767faf51f77,"Road to Million+. My personal Goal Road to Millions , I know I know I’m heavy on Apple will trim my position by 20-30% and added to other ETF I own",ETFs,apple,2024-05-18 12:53:05,31,
RTI_0460,7876c5f8a62a4b79,One of the few that’s green!,Superstonk,apple,2024-11-20 15:35:19,6,
RTI_0461,49ef6f69046f04a8,How much do we think $AMD will benefit from new iMacs?. And will it be sustained growth?,RobinHood,apple,2017-06-06 20:11:04,17,
RTI_0462,5c4aee6d7e98b913,Just gonna sell STMP to go all in on AAOI... Annnnd it's gone.,RobinHood,3m,2017-08-05 07:17:42,13,
RTI_0463,7ddaff25c8a8391e,Who’s looking into investing into home options?. Who is looking to buy and hold our real estate option listings where it could potentially would net you a return over the option period.,options,alexandria_real_estate_equities,2024-07-03 03:36:41,32,
RTI_0464,e71a6be8fc9754cf,"Anyone know where to get an (electronic?) copy of the ProShares Investment Club Manual?. I'm looking at starting up a UK investment club. Everywhere I look seems to recommend the Proshares Investment Club (PIC) manual as the go-to reference for starting and running a club. However, Proshares itself shut down a while ago, and I can't seem to find a single copy of the manual on Amazon or in pdf form online. Does anyone know where I could find a copy of the manual? Thanks.",investing,amazon,2024-04-04 23:19:42,85,
RTI_0465,b539016d6321fe50,Apple Cuts Orders for iPhone Parts,SecurityAnalysis,apple,2013-01-14 16:36:12,6,
RTI_0466,23fb1a299a997689,3m settles ear buds case for 5.5 billion. Much lower than the estimated cost between 10-20 billion..stock will fly. Given this not sure what fair value is now for the company maybe $130-$150? The forever chemical remain to be a potential issue now.,ValueInvesting,3m,2023-08-28 05:08:07,43,
RTI_0467,98f400eb1bd76cbb,"Calls on hard assets. I’m very bearish on the dollar, and expect real estate/commodities, anything with a (relatively) fixed supply, to do well. I want to essentially be short the dollar and long such things. Naturally, I’ve been looking for call options (to get dollar leverage) on etfs that are high correlated to these hard assets (ETFs). Anyone know of any that have a liquid options market?",options,alexandria_real_estate_equities,2021-04-27 20:15:51,67,
RTI_0468,6dc65a8a24998d3a,"25% ( drs by retail )+ 28% ( institutions) + 20% ( insiders) = 73% locked Current short interest: 27.7% That's 100.7% not including brokerage share. Not including any shares in brokerages, or IRAs, with the current short interest they couldn't even close if they tried. There aren't enough shares to buy back even with the shares in Computershare held by us insiders & institutions.",Superstonk,arch_capital_group,2024-05-18 16:05:24,65,
RTI_0469,226511df2b00e1d5,Computershare acquires Cmi2i (official statement),Superstonk,arch_capital_group,2025-01-02 15:05:26,5,
RTI_0470,4fccc21112ff2d9e,Am I cooked. Yolo Apple calls expiring late June. I still got plenty of time but should I cut my losses at this point,wallstreetbets,apple,2025-06-11 16:12:26,24,
RTI_0471,33a54d8a33bf1ee3,Good Day Today. Had a good Day 🙏🏻,dividends,apple,2024-05-03 23:10:28,8,
RTI_0472,e364401849140897,"r/options Top 24 H Ticker Mentions (Tuesday October 26, 2021). ​ |Ticker|Company| Mentions (24H)| |:-|:-|:-| |SPY|SPDR S&P 500 ETF Trust|13 |TSLA|Tesla Inc|10 |DWAC|Digital World Acquisition Corp.|8 |AAPL|Apple Inc|6 |HOOD|Robinhood Markets Inc. Class A Common Stock|5 |FB|Facebook Inc|4 |QQQ|Invesco QQQ Trust Series 1|4 |BITO|ProShares Bitcoin Strategy ETF|4 |AMZN|Amazon.com Inc|3 |BP|BP p.l.c|3 |IBKR|Interactive Brokers Group Inc|3 |SNAP|Snap Inc|3 |AMD|Advanced Micro Devices Inc|3 |PINS|Pinterest Inc|3 |ES|Eversource Energy|3 |THC|Tenet Healthcare Corporation|2 |E|Eni S.p.A|2 |SHOP|Shopify Inc|2 |UPST|Upstart Holdings Inc|2 |VTI|Vanguard Index Funds - Vanguard Total Stock Market ETF|2 |QYLD|Global X NASDAQ 100 Covered Call ETF|2",options,advanced_micro_devices,2021-10-26 15:25:20,90,
RTI_0473,e3ebbc828f00dac7,Recession proofing. Hey guys I just had a question for this thread in regards to recession proofing portfolio would schd be recession proof? I understand still still go down but it won’t go down as much as say apple or nvidia?,dividends,apple,2024-11-15 00:50:07,41,
RTI_0474,ee3c16e4b5e940ef,"Found ""Investors Stock Fund Inc"" Capital Stock Certificate From 1956. This was issued to my grandparent, who died a long time ago. It was found while clearing out my recently deceased parent's home. There is a certificate number and it references an account number. Googles says ""The ""Investors Stock Fund, Inc."" is a stock fund that was a part of Investors Diversified Services (IDS), which was originally founded in Minneapolis, Minnesota, in 1894 as Investors Syndicate. IDS was later acquired by American Express Company."" Where do I even begin with this?",stocks,american_express,2025-05-25 00:50:23,91,
RTI_0475,5793732fc9612128,Why is ANF so strong. From May 2023 to current date ANF holdoors have seen 350% returns ANF P/E ratio is 47 for comparison AEO(American eagle outfitters PE ratio is 18 so why is this stock going higher? When will pootz finally print?,wallstreetbets,arthur_j._gallagher_&_co.,2024-01-31 01:12:05,43,
RTI_0476,18d73de421e7976d,"Archer Daniels?. So I'm inheriting some Archer Daniels Stock. I will have about $25,000 worth of stock. It pays out dividends wich total about 300 per quarter. Would it be better to keep buying more Archer Daniels or branch out and buy some ETFS or another dividend stock so I'm diversified? Thanks",investing,archer_daniels_midland,2016-11-10 00:41:35,52,
RTI_0477,a0f81d89ad9b7671,"Aurora. Can someone that knows what they’re doing explain why Aurora stock is not higher? Amazon has 5% of the company, they are partnered with big names like Uber and Toyota, they just had a big deal with Uber freight through 2030. I know they haven’t turned a profit yet, but they are well funded and making great progress to having autonomous software for vehicles and already have trucks on the road. $2.7 per share seems way low. And their CEO is one of the pioneers for autonomous driving.",wallstreetbets,amazon,2024-06-28 14:37:35,89,
RTI_0478,d28f6e274cd37f6e,guys look on the bright side no tariff on tendies,wallstreetbets,apple,2025-04-03 03:16:01,10,
RTI_0479,eaab6118c286573b,Amgen to Start Paying First Dividend,SecurityAnalysis,amgen,2011-05-04 22:00:35,6,
RTI_0480,7d46787608a5633a,Airbnb Reports $4.6B Loss in 2020 Earnings,StockMarket,airbnb,2021-02-25 22:46:54,7,
RTI_0481,ddcc74d1d90ca318,"Realty Income, have the rate cuts already been priced in?",dividends,3m,2024-08-26 13:29:13,10,
RTI_0482,9540bd03ab4c3d31,"Trades – Aflac, Inc. (AFL) Purchase",stocks,aflac,2013-03-19 21:40:56,6,
RTI_0483,0667c42d506359b9,"ADOBE CALLS FULL PORT. So I started my account back in November 2023 with $2900. I’ve been able to run it up playing puts to a nice $7200. Adobe is getting wrecked. Earnings wasn’t terrible. I’m full porting in $495 calls expiring next month. YOLO. Please pray for me. This is my first post btw and I hear the first one is free, that’s how it works right?",wallstreetbets,adobe_inc.,2024-03-15 17:29:36,68,
RTI_0484,592bdc78013a79a8,"EA not running on VPS. I have an EA which is 'GPS Forex Robot v3' and it works good hosted on my pc but when I tried to set it up on a vps it does not execute trades. I have tried amazon aws,mql5(which didn't even let me set up because of dlls) and now I am using hostwinds. I am installing them correctly. Anybody knows if I might be missing something to run the ea that might be installed on my pc and not on a vps? Edit: Solved. Was using investor (read only password) ....",Forex,amazon,2021-01-11 07:17:17,97,
RTI_0485,db1b87ae94ee7be4,"🌈🐻 we are so back. Shorted Amazon, Arm, QQQ and went long TLT",wallstreetbets,amazon,2024-08-02 15:35:11,13,
RTI_0486,859f8b3d0493e62c,Top Gainers/Losers: $500m Market Cap+ (8/19/22),StockMarket,arthur_j._gallagher_&_co.,2022-08-20 01:33:25,6,
RTI_0487,edf3b957c3846e4d,"Had my biggest so gle day gain yesterday, all thanks to 3M figured I’d celebrate with y’all!. Also woke up to Sysco dividends coming in, really good end to the week 😎",dividends,3m,2024-07-27 14:35:49,32,
RTI_0488,5a9f63f07b2df30e,Just the tip 9669,Superstonk,3m,2025-05-22 16:09:44,4,
RTI_0489,7144d1439d174337,"It's only a matter of time before this bull flag explodes, I really do wonder how much longer they can keep the price down",Superstonk,apple,2024-08-06 22:37:13,24,
RTI_0490,fd9da7e14c89339c,"Kraken Crypto Exchange to Launch Digital Tokens of Over 50 ETFs and Stocks Such as Apple, Nvidia and Tesla. Kraken, the cryptocurrency exchange, plans to allow non-U. S. customers to trade Apple, Tesla, Nvidia and other popular stocks as tokens over a digital ledger. Such “tokenized equities” would make it easier for non-Americans to invest in U.S. stocks, the company says. Like bitcoin, they would trade 24 hours a day, seven days a week—even when the U.S. stock market is closed.",stocks,apple,2025-05-22 14:03:51,81,
RTI_0491,54f2f97aa0ea068e,"Does this strategy make sense? Feedback appreciated!. I know this looks like a simple strategy, but I believe that simplicity is all I need. I’d appreciate any feedback or suggestions for improvement. Does this approach make sense?",Forex,3m,2024-08-13 02:43:10,37,
RTI_0492,6a34f3467610f293,Institutions continue to buy the $GME dip,Superstonk,arch_capital_group,2024-08-12 19:43:28,7,
RTI_0493,91e40a50ea990bd4,"Stock price and revenue. It seems as though there’s sometimes little connection between a company’s stock performance and their profitability. I don’t fully understand this disconnect. For example, HPE stock performance is poor and they’re one of the top PC and printer companies. HP’s 2 year return is -14.60% Is this because investors look mostly at future growth potential and companies like HP fall short in that area? Amazon is another example since in their first few years they showed no profits and yet their stock performance was positive.",stocks,amazon,2025-04-08 13:56:34,89,
RTI_0494,7518ed5681c8ee1d,Look at all these private equity firms. How many will be left standing next month?,Superstonk,arch_capital_group,2024-05-20 16:41:53,15,
RTI_0495,23ff831018333bbc,Partners ... amirite?. With friends like these ...,Superstonk,amazon,2024-05-24 04:59:28,8,
RTI_0496,34d234f896112d76,SP500 has already exceeded most EOY 2024 forecasts. Is it only down from here?,wallstreetbets,apollo_global_management,2024-09-15 16:50:20,14,
RTI_0497,700877a1fd1c2067,ETF with nominal apple stock exposer. Holding Apple's 1000 shares. Looking for growth ETF seems all growth ETF have Apple holding more than 10%.,ETFs,apple,2024-09-03 13:37:47,24,
RTI_0498,e8e51b096d196e42,"Can you buy fractional shares with Robinhood?. For example, I have $2500 to invest and I want to evenly buy shares of google, amazon, apple, etc...with google and amazon alone at $1000, I was wondering if I could only buy half a share or something?",RobinHood,amazon,2017-11-16 20:24:52,45,
RTI_0499,621ff97490c4f7b7,"I'll get 1k soon🎉. Hi, very soon I will receive 1k in ABR, which is good, but in general my projected annual income is 13k. You can see my entire portfolio in the screenshots",dividends,abbvie,2024-05-20 16:10:05,34,
RTI_0500,7d64eaa9d74e86a2,Writeup on Apollo Global (APO),SecurityAnalysis,apollo_global_management,2022-05-16 07:54:17,5,
RTI_0501,248dfb3305c08134,"can someone tell me more about Home Construction stocks?. I am familiar with real estate, but I am not familiar with this industry. All I know is that its cyclical and dependent on real estate/home-buying demand. I got some names: DR Horton, and Toll Brothers. Any good intros or write ups to their business?",ValueInvesting,alexandria_real_estate_equities,2025-06-07 03:07:02,54,
RTI_0502,38db792fe0b2ba06,"Hmm Freetrade?. I’d like to add I signed up for free shares, then promptly converted them to GME. Not much else since.",Superstonk,apple,2024-08-27 13:53:15,22,
RTI_0503,1f5211496f603a2c,"You're too young to be dividend investing. The difference between investing for growth vs. income. Under 50 go for the purple line. Over 55, switch slowly to the red.",dividends,3m,2024-06-28 18:25:43,29,
RTI_0504,dbecbc8e6ed66d3b,Payday today!. Always a good day when these hit!,dividends,altria,2025-01-10 19:06:51,9,
RTI_0505,b28a2697463ae695,"Rate my strategy. These are the only two indicators I use to help me do my analysis. I check for HTC and simply enter at the S/D zones or the FVG, use the ATR to appropriately set my SL and target around 1:2 RR. Generally scalp off either the 1M or the 5M. What can I do to improve this ?",Forex,3m,2024-07-30 19:17:18,61,
RTI_0506,1b4867891c4da2c7,The case for Altria (MO),stocks,altria,2018-12-08 21:41:07,5,
RTI_0507,8e220a40fa1d431e,"Barry Ritholtz speaks with the financial theorist and retired neurologist William J. Bernstein, who co-founded the investment management firm Efficient Frontier Advisors - Podcast",SecurityAnalysis,arthur_j._gallagher_&_co.,2021-03-14 20:42:23,24,
RTI_0508,9b1250f4f14ae2b6,"Ready for my roast! Do your worst!!!. So, I’ve been investing for years and always heard diversify, diversify, diversify. Not sure what happened but I’ve acquired way too many positions, looking for insight as to how to trim down the lot to a good 10 stocks, plus the 2 ETFs I own. Any suggestions and reasoning greatly appreciated!!",dividends,arch_capital_group,2024-03-21 15:47:34,58,
RTI_0509,e7465d62a0e4d008,"My case for $RKLY. Its not exactly a penny stock since it trades at 7 dollars but: $RKLY- they are a great technology company in the health monitoring sector, an apple supplier (apple watch health monitoring elements) got great ratings from great analysts (Quinn bolton has 50 % yearly return rate) and a huge backlog of orders, they will make alot of money in the next few years, and i am currently in accumulation mode on their stock, go check it out for yourself’s",pennystocks,apple,2021-11-05 08:59:23,84,
RTI_0510,eac1c98865c40377,Advanced Money Duplicator strikes again!,wallstreetbets,advanced_micro_devices,2023-08-02 03:01:50,5,
RTI_0511,f3a24c28355bc7e0,"ChatGPT and inflation🧐. Do we agree with ChatGPT? ""Higher inflation can erode your portfolio's purchasing power over time. To combat this, consider ETFs that invest in inflation-protected securities like TIPS, or real assets like gold or real estate. Some popular options include TIP,GLD and and VNQ "" ​",ETFs,alexandria_real_estate_equities,2023-02-15 14:37:22,48,
RTI_0512,d15106d42d7b7ee1,"Most anticipated earnings releases for the week beginning September 12, 2022",options,adobe_inc.,2022-09-10 12:41:18,11,
RTI_0513,a5ba437e8ca7f76e,How do I make gains from this graph?,wallstreetbets,american_express,2017-03-21 18:00:34,8,
RTI_0514,1a48e50eb68099cb,"Quality dividend companies with ex-dividend dates approaching soon.. Here are some I am holding and will be adding to before the upcoming ex-dividend dates here in April: AT&T 4/8, Verizon 4/8, General Mills 4/8, American Tower 4/12, Abbvie 4/14, CVS 4/16, Procter & Gamble 4/18, Clorox 4/20, Realty Income 4/30, Stag Industrial 4/30. Anyone got anymore picks to share that have ex-dates in April? Edit: PG was missing its date.",dividends,american_tower,2021-04-05 21:55:37,70,
RTI_0515,71f4d32441c26279,Would I be stupid for doing this?. My Roth IRA is 100% VTWAX (Total World) which is the mutual fund of VT. Would I be stupid to switch it all to VFIAX (500 index fund) which is the mutual fund of VOO?,ETFs,3m,2024-08-16 22:48:36,42,
RTI_0516,bd0e3b7ce326a294,Take it and run?. Or let it ride?,StockMarket,3m,2024-10-18 02:46:53,8,
RTI_0517,05f0e8c1cd90e72e,"Why were my Appl Puts Cancelled?. I made some puts on appl today, can someone explain why they were cancelled? Im new to this and would like to learn about it.",RobinHood,apple,2025-04-03 22:25:50,31,
RTI_0518,8aa2cfced890d821,"Where to make 8% on investment. I am single,23 M, have $40K in my savings account. I don't have to withdraw that money for at least a year. Where do I have to invest that money if want to make at least +8% with zero risk ?. No knowledge in stock market investments. Apple sales are dropping, NetFlix, Amazon are damn high.",algotrading,apple,2018-06-24 03:16:52,62,
RTI_0519,08d8af134b914d10,"Ladies and gentlemen, I present you a meme stock together with the magnificient ones!",Superstonk,amazon,2025-04-04 14:06:56,14,
RTI_0520,2edd7b9ee4630823,Invest with confidence,wallstreetbets,apollo_global_management,2024-09-01 10:45:55,3,
RTI_0521,4bb066f1dc2bea8e,"Anyone know what's going on with AMZN ?. I like Amazon, their business model, market placement, etc. I put half my portfolio in there, looking at the ""strong upside numbers"". So far, it's been a dog, even after Bezos learned to play nice with Musk. Anybody got some insight on why they're $193.89 instead of $248 right now?",investing,amazon,2025-03-20 18:36:12,58,
RTI_0522,95aeac316624faae,Amazon has gained less than 1% in 3 years. Is that because they keep diluting shareholders and not doing buybacks?. AMZN August 2nd 2021 closing price = $166.57 AMZN August 2nd 2024 closing price = $167.90 I'm a bagholder and all I see is constant dilution from stock based comp and no buybacks since 2022.,wallstreetbets,amazon,2024-08-03 02:45:08,55,
RTI_0523,cb537f6832ca37e6,"CRON Valuation. Recently given $29 CAD price target ($21.72 USD). Stock soars 10% today closing at 23.75. Also, $1.8B Altria deal was recently approved, but MO is paying that for 45% stake (55% with warrants). This is a SIGNIFICANT discount to current share price. I don’t understand how either of these are positive to current share price, but open to insight!",wallstreetbets,altria,2019-03-05 21:07:39,61,
RTI_0524,2bfc244570b8e3e4,"I believe you mean: ""Amazon's stock goes on sale on Prime Day for third-straight year""",RobinHood,amazon,2017-07-12 11:35:14,15,
RTI_0525,6cc4d1753f304f3f,Is RobinHood Legal In The Uk. Hi everyone I was wondering if it is a good idea to download robin hood from the uk using an American apple account?,RobinHood,apple,2020-07-31 18:51:08,29,
RTI_0526,2b0871e864d724f8,Airbnb IPO?. My friend tells me they offering a buy into this before they go IPO. 100k minimum and they looking for priced at around 50$ per share. What you guys think about this company? Would you get in?,stocks,airbnb,2015-01-12 01:13:28,39,
RTI_0527,1d3f6ed946bbc31e,Amazon and World Domination,SecurityAnalysis,amazon,2015-12-08 07:00:13,4,
RTI_0528,1338ce59c23c9d41,Once again top 3 most active stock today. I just like the stonk,Superstonk,apple_inc.,2024-06-13 21:10:14,13,
RTI_0529,f5ae5fb8d8659dff,"Young Investor with a Question. Hello Robinhood. I brought 0.5 or 1/2 a share of Apple today and I was concerned about the stock split. When Apple is due to split, will I receive 2 shares or a cash lieu option? Sorry if have been asked, but concerned. Thanks",RobinHood,apple,2020-08-21 19:52:48,49,
RTI_0530,ed9b17f8d57f6ac9,"My portfolio is about 50% in tech. I’m 25M with around $250k invested, with around half in tech exposure. Should I look to diversify into some other sectors (utilities, consumer defensive, healthcare, energy, etc.) or just stick it out with my current allocation and keep dumping into VOO? If you were me and had another $50k idle, would you invest in more ETFs or consider another investment such as real estate, etc.?",ETFs,alexandria_real_estate_equities,2025-02-05 17:18:21,72,
RTI_0531,eb1ec92a98badaf6,OpenAI was valued at $29bn last month but NVDA alone bloated $300bn off its hype! Who is more regarded? OpenAI founders or tech bagholders?,wallstreetbets,apollo_global_management,2023-05-17 06:10:12,24,
RTI_0532,6ca6833a2fde2348,Could Apple be planning to partner with NPA to forward its plans for connectivity direct to handset?,SPACs,apple,2021-01-05 12:14:48,17,
RTI_0533,1259d06a03a0f619,GME Utilization via Ortex - 37.1%,Superstonk,3m,2025-05-07 20:43:06,6,
RTI_0534,14dd99c3fc2480e5,RATE IT!!!!. gimme a genuine suggestion!,dividends,apple_inc.,2024-11-16 05:11:56,6,
RTI_0535,d0c7c33849965426,"New to investing, ETFS or Stocks?. Not gonna waste too much of time, I’m new to investing but decided it’s a good time to start, I’m 21 in college and work a decent hourly job. I honestly don’t know a lot about stocks, but I’m currently in APPL, ORCL and NVDA. I was wondering if I should just dump majority if not all my investment funds into ETFS or lean more towards stocks.",ETFs,apple,2025-06-18 12:44:14,73,
RTI_0536,f1f58cbd919832e8,"Bancodo and Inter & Co (Brazil). Hi there, has some one experience with these stocks? I got them recommended and I‘m just asking if someone knows these and is there maybe some value analysis available? :) Big thanks!",ValueInvesting,arthur_j._gallagher_&_co.,2024-08-31 23:02:37,38,
RTI_0537,d0afada581cdb6a1,Portfolio advise. I’m trying to get up to 10 individuals stocks to buy and hold any strong suggestions I’m not interested on nvidia/netfilx/apple I do have VOO shares on my fidelity account,ETFs,alphabet_inc._(class_a),2024-10-18 20:07:53,32,
RTI_0538,9d371ecdfe4b4818,"$RBNW One of the cheapest Pink Current. $RBNW One of the cheapest Pink Current The trips are leaving one by one Website Google Lust for Life Shoes you find in Amazon, Walmart, eBay, Overstock, and many more Total Revenue 2020 1,021M 2019 3,586M 2018 4,694M",pennystocks,amazon,2021-10-15 13:24:58,45,
RTI_0539,6fdddcca0efc4abe,Rax buyout too late to capitalize?.,RobinHood,apollo_global_management,2016-08-26 13:25:21,6,
RTI_0540,c3577bdc249c35c2,Is it okay to take a break from buying etf for a month or two?. I been on a rampage since 4/2024 buying stocks every paycheck. This month I am taking a break and possibly next month due to ongoing bills (insurance on house and car) and utility and real estate taxes. Is it okay to stop investing for a bit? I know everyone saying always keep buying but this is my worst month with bills.,ETFs,alexandria_real_estate_equities,2025-05-18 12:59:07,76,
RTI_0541,1c1f83377c8d8d1c,"I bought mine from Mexico. I payed double the price and arrives in quite a long time, but cant wait!!!. I bought it a few minutes ago and cant wait to start reading it (I kinda hate that I cant buy stuff from our beloved company). Too bad Im an idiot who can read no good.",Superstonk,amazon,2024-01-21 14:38:13,56,
RTI_0542,c08f632489364099,The good thing about the upcoming documentary is that we’ll finally find out who the “People familiar with the matter” are 🤡🎪,Superstonk,american_electric_power,2023-06-02 23:12:40,22,
RTI_0543,a453775edf844f20,How am I doing 1.5 years investing on my own. Buy and hold until 20% return and then selling shares to pocket profits and reinvesting those profits and repeating that process.,RobinHood,3m,2023-12-28 22:29:23,31,
RTI_0544,4899b007e7d6e2f0,Buffetts comments at the annual meeting why Berkshire are selling Apple stock,ValueInvesting,apple,2024-08-04 06:00:03,12,
RTI_0545,727d114e7efc3f43,EVGO(CLII) & Whole Foods(Amazon) Partnership!!!!!,SPACs,amazon,2021-03-07 02:16:46,5,
RTI_0546,0295c0ef5353c29d,"Is dollar cost averaging into US stocks a good strategy?. I currently put around 300$ bi-weekly into my investment account, and that goes into an all in one ETF. I was thinking of adding another 200$ bi-weekly into some individual US Stocks, mainly Apple, Amazon, Costco, Visa, and Berkshire. I plan on doing that for at least 20-40 years. I’m 25 years old and these are funds that I won’t need till I retire, and even then, I would be drawing very small amounts. Is dollar cost averaging into individual stocks a good investment strategy?",stocks,apple,2025-03-26 18:39:49,95,
RTI_0547,fe676edf550b766c,"Is this the Tesla narrative, really?. Can someone help me make sense of this narrative for 100x potential that is keeping TSLA afloat? Here’s a recap. 1. “Electric cars can be fast, cool & desirable” (2008-2012) 2. “Tesla is the Apple of autos” (2013-2019) 3. “Tesla is not a car company - it’s an AI, energy, and robotics platform.” (2020-2021) 4. “Tesla is building the future of AI & autonomy.” (2022-present) Note that during these 4 periods, Tesla just made cars (with declining sales now) and never delivered on any form of full autonomy. Am I missing something?",stocks,apple,2025-06-19 16:46:15,98,
RTI_0548,89c1f6fd83adabdc,Top Dividend Growth Stocks. How are you feeling these dividend growth stocks? $CLX The Clorox Company $SBUX Starbucks $PEP PepsiCo $KO Coca-Cola $MO Altria $O Realty Income $PFE Pfizer $JNJ Johnson & Johnson $JPM JP Morgan $KEY KeyCorp $FLO Flowers Foods $IIPR Innovative Industrial Properties $IRM Iron Mountain $EBAY eBay $NKE Nike,dividends,altria,2022-10-06 07:14:43,52,
RTI_0549,79ecaa67b5a99919,"Thoughts on Abbvie (ABBV)?. The only safe haven since Jan 2022, with strong dividend. No blowout earning report in April (slight disappointment in some areas) yet still not getting beaten. What are the long term prospects with abbvie? Should I buy more?",stocks,abbvie,2022-05-21 01:48:46,42,
RTI_0550,e6abbfe012065f61,ASML benefitting from Deepseek,StockMarket,3m,2025-01-30 15:57:03,4,
RTI_0551,b7367d89d11440aa,Playing puts for Disney ER. Bought 20 $107 strike puts for Disney ER next week. My hypothesis is: 1. Their streaming content is still meh and a fraction of Netflix. Most subscribers sub and cancel after finishing the titles they want to see. 2. The LA fires fucked up the real estate market in the LA area since a ton of displaced people need places to stay. There will be less AirBNB inventory and higher prices all around for vacation rentals and hotels due to the fires. This will impact their Disneyland park attendances. Discuss.,wallstreetbets,alexandria_real_estate_equities,2025-01-31 17:21:31,95,
RTI_0552,85855c8861b3ee5d,GME is trending on Stocktwits with extremely bullish indicator 👀 more eyes on it! More FOMO!,Superstonk,3m,2025-05-28 13:46:09,16,
RTI_0553,b6ced14724993bb6,"Most anticipated earnings releases for the week beginning January 16, 2023",options,arthur_j._gallagher_&_co.,2023-01-14 13:46:44,11,
RTI_0554,d1fee473a8e92bcb,DFV stream last Friday had as many viewers as Apple right now. Crazy.,Superstonk,apple,2024-06-10 17:17:59,13,
RTI_0555,2bd3f0240d9c4e82,Computershare Investor Center Mobile App!,Superstonk,apollo_global_management,2025-06-25 18:08:00,5,
RTI_0556,c5b7b43502ee5456,Apple FY22 - Visual Income Statement,StockMarket,air_products,2022-10-30 18:11:44,6,
RTI_0557,954e13733a7ad39f,Earnings YOLO. Hopefully it’s more like 2023 and not 2022 What say you? Which ones are duds and which are studs? (All purchased within last week),wallstreetbets,apple_inc.,2024-01-30 16:48:52,26,
RTI_0558,8156fb82d9788bc7,"Any forex discord groups?. Not looking for a group where everyone is posting their loss porn or wins, thoughtful discussions, analysis etc. Drop me a dm or invite link below pls. Im a profitable funded trader, i trade ftmo and my own capital.",Forex,arch_capital_group,2023-04-05 20:19:14,43,
RTI_0559,3dc3c0710f8b4964,Buy the fucking dip. No stop loss just 7 ES contracts raw,wallstreetbets,3m,2025-06-27 20:02:00,12,
RTI_0560,25ce27504bbd0aee,"Indonesia wants Apple to sweeten its $100 million proposal as tech giant lobbies for iPhone 16 sales. “Apple’s iPhone 16 model doesn’t meet Indonesia’s 40% domestic content requirements for smartphones and tablets and hasn’t been granted clearance to be sold in the country. According to Indonesian state media, the government is looking for more than the $100 million in investments the American tech giant has proposed.” Source:",wallstreetbets,apple,2024-11-22 22:43:39,67,
RTI_0561,07c90f8610825531,What's the best scanner to find stocks that close green/red x-days in a row?. I'm looking to find stocks that are due for a reversal like $LEE did 2-3m ago.,stocks,3m,2019-11-07 00:36:09,30,
RTI_0562,9d833c7b0df8049b,"Amazon issues disappointing guidance even as earnings top estimates. Amazon reported better-than-expected earnings and revenue for the fourth quarter, but it gave disappointing guidance for the current period. The stock fell as much as 2% in extended trading. Here are the numbers: Earnings: $1.86 vs. $1.49 per share expected Revenue: $187.79 billion vs. $187.30 billion expected Amazon said sales this quarter are expected to be between $151 billion and $155.5 billion. Analysts were expecting $158.5 billion, according to LSEG. Source:",stocks,amazon,2025-02-06 21:08:46,80,
RTI_0563,e004cd6444ffc849,"Is it a good time to invest in APPL?. With the iphone 17 features being teased/leaked recently, as well as the company’s earnings being released 30/01, it might be a good time being at one of its all time low this month. What do you guys think?",dividends,3m,2025-01-24 12:09:17,47,
RTI_0564,9280c175ec01ad53,There are 11 years left until reaching dividend retirement. When do you plan to achieve financial independence?,dividends,apple,2025-02-19 15:23:05,17,
RTI_0565,b9c901815ef06962,"Dividend Portfolio Update: Q4 2024. Hi everyone, I wanted to share an update on my dividend portfolio. Overall, it continues to perform well, consistently generating dividends with solid returns. My approach focuses on high-yield assets, and I occasionally use covered options to enhance returns. The main goal is to strike a balance between steady income and long-term capital growth, and so far, the strategy seems to be working as planned",dividends,abbvie,2024-12-06 13:24:47,70,
RTI_0566,0b57c9a9a75fbd6b,"Have come a long way from 44 positions down to 18. After about 5 years in the market, realised individual stock picking is hardly worth the stress. Especially when you’re having to track 30+ companies and keep up with earnings reports. Have made a lot of progress trimming the portfolio down to just 18 holdings today. Plan to add much more funds to SCHD + SCHG , and just hang onto a few of the more stable, boring dividend companies and REITS with predictable earnings and recession resistant business models (O, STAG, , WPC, etc)",dividends,amgen,2023-09-01 18:49:12,95,
RTI_0567,a7c4abd6ce28446a,"Looking for basic ETF that maps american market. I just want an ETF that works a little like ""MSI worlds"" but instead does the same thing just for the American market. Nothing fancy, really. Does anyone have a recommendation? Note: I live in Europe, so it would be good if this ETF would be centered in Ireland (which is where usually these type of stocks are located).",ETFs,american_water_works,2022-06-24 08:21:56,67,
RTI_0568,e8c43265cde6670f,"Next step..... I have 50% invested in Dividend stocks, 47% invested in Amazon and Google, and 3% in Cruise lines and Disney. Where should focus my investments now? View Poll",dividends,amazon,2023-09-24 20:47:23,30,
RTI_0569,c70ee3488569f69f,You love to see it. Finally some proper price action,Superstonk,3m,2025-03-26 11:49:19,10,
RTI_0570,78a390f28b3d2267,AbbVie's beat and raise provide plenty of reasons to be optimistic. AbbVie has fallen 30% from YTD highs after fears about competition from biosimilars and a short call made by by Citron. But Citrons short calls have been hit and miss in this space and ABBV's licensing agreements should keep out Amgen and Mylan until after 2023. Yesterdays beat and raise provide further reasons to cheer. PE is 12x full year guidance This post is not a recommendation to buy or sell any security or derivative. Stocks are not suitable for all investors. Please do your own research.,StockMarket,abbvie,2018-07-28 14:24:34,98,
RTI_0571,c556ccb1a4ac879f,"How can you pass up DCA into AAPL?. So, at the 207, how can this ultimately be a bad way to go. Will it really dip well under $200? And if so, then buy more. This will certainly pass, and when it does, how do you justify not buying into this dip? What are some of the other reasons that you would stay away from Apple? They seem to be too smart of a company to not be able to weather this storm. If this is not the time, then when? Thoughts?",investing,apple,2025-04-03 13:59:45,92,
RTI_0572,720e7b75065d464b,"Which fund(s) for my 401k allocations?. I’m 28F, and currently fully allocated in Fidelity Freedom Index 2060 Fund - Premier Class.",ETFs,alexandria_real_estate_equities,2024-11-06 16:54:20,21,
RTI_0573,09918e2c01728fd4,"401k Investments?. Hi everyone, I genuinely have no idea what I'm doing and need help. I'm 26 and enrolling in a 401k plan at work. What fund(s) would you all advise I contribute to? From the (very) limited research I've done, VFIAX seems like the best option but I would appreciate any input. Thank you so much in advance!",ETFs,alexandria_real_estate_equities,2024-04-17 19:21:20,59,
RTI_0574,e04b22b864b52272,Thats funny.. 😂😂😂 fuk you amd pay me!!,Superstonk,advanced_micro_devices,2023-01-19 15:07:05,8,
RTI_0575,ecaa1c7260714164,I don’t know what to do anymore. I went to buy Vera and bought the wrong one and lost everything I worked for idk if I should quit or what to do now.,RobinHood,3m,2024-01-05 21:47:32,33,
RTI_0576,1a9ea6aa5b822240,"How to Allocate my Funds. Hello guys this is my first post, I have recently started investing in US markets, I can invest $2000 every month, with the intent to increase it by15% every year. My aim is to have monthly dividend income of what 4000$ will be after 15 years adjusting inflation. Kindly recommend how to Allocate my Funds, and if I am short of achieving my target. Below is my present portfolio. Second photo JEPQ - 30 Google- 1.3 Amazon- 0.5 Nvidia- 1.3 Total holding value in two demat accounts 7500$",dividends,amazon,2024-09-14 22:10:18,93,
RTI_0577,6553a8f9f3b4d7f0,"spy puts go in the money. happy hunting, lads",wallstreetbets,alexandria_real_estate_equities,2025-05-23 21:02:44,9,
RTI_0578,885d907695052f92,"Someone Bought An Apartment To Rent Out On Airbnb (xpost from /r/Entrepreneur). Blog post: Original post: This seemed very interessting to me and I started calculating how much it would cost in my area and how much I could make. For the last part I used . It calculates the average income of hosts in the same are over the last 90 days (so this includes the summer). Unfortunatly, the income was only 1/3 of the cost. So I would be bleeding money.",investing,airbnb,2013-11-05 10:48:34,83,
RTI_0579,6c24c9b0c44edb6e,"Beginer portfolio. I just started investing. I use almost my entire salary. But still small amounts come out, even though I receive the average salary in the country(Ukraine). My salary 386 dollars. I invest 260 dollars. I understand that these are ridiculous numbers for this thread. But I’m 22 and if by 40 I reach 200-300 dollars a month, I’ll be overjoyed. I have plans to raise the positions of apple to 10 and Coca-Cola to 12 by the end of the year. Any ideas on how to improve my portfolio?",dividends,apple_inc.,2024-03-17 16:55:51,91,
RTI_0580,b46027885573a11e,"Bill Miller Interviewed in Barron's (April 23, 2021). Comments on Amazon, GM and his cryptocurrency position.",SecurityAnalysis,amazon,2021-04-23 13:05:34,16,
RTI_0581,41f660a430bafbb3,"Damodaran - Apple: Thoughts on Bias, Value, Excess Cash and Dividends",SecurityAnalysis,apple,2012-03-02 20:48:49,11,
RTI_0582,a027f12511b3526f,"Which ETFs are expected to perform well after Fed rate cuts, QQQ/SPY/TLT or others?",ETFs,3m,2024-09-16 17:27:28,14,
RTI_0583,83e9ddd56fb10b59,"What would it take for the big players like apple, microsoft etc to be replaced?. Historically speaking, the top dogs eventually do get replaced by other companies. One can say its an inevitability, but at the same time its hard to think that in 20 years google may be replaced. Companies like google have so much cash, even if there was an emerging player they usually get bought out. What would it take for a company such as google or microsoft to be replaced?",ValueInvesting,apple,2024-07-06 00:48:53,84,
RTI_0584,3f13de738cf7a009,"Buy the rumor and sell the news. Have you ever won/lost a lot of money following this mantra? We have all heard this at some point and it is something that is constantly repeated, for example in Spain with the alleged attacks on the real estate sector and Airbnb that only increase the value of real estate since construction is reduced even further and therefore the offer.",investing,airbnb,2025-01-27 10:10:04,67,
RTI_0585,a3dc27a1579d0f11,"My Fellow AMDtards, WHAT DOES IT TAKE. Why are we not booming (see green line)? AMD is crushing it, right?? There is almost no reason to be dipping like this, more earnings and more sales means more better! Can they just start aggressively marketing their cool and oh so reliable products or mention AI somewhere PLEASE",wallstreetbets,advanced_micro_devices,2024-08-06 22:27:09,56,
RTI_0586,815daf5dbde299a0,Arista Networks: Initial Thoughts,ValueInvesting,arista_networks,2021-02-11 12:17:04,4,
RTI_0587,88a26e85ac229048,Most anticipated earnings for the week of Oct 24,wallstreetbets,arthur_j._gallagher_&_co.,2022-10-22 14:08:30,9,
RTI_0588,828bf6abe3b4d386,"Market Recap for Feb 6th. ChatGPT related stocks looks quite strong, What do you think about ChatGPT?",StockMarket,alexandria_real_estate_equities,2023-02-07 09:53:46,17,
RTI_0589,ca90e576ef113d1c,Apple gets major relief as Trump exempts smartphones and computers from new tariffs,StockMarket,apple,2025-04-13 04:51:17,13,
RTI_0590,278cfd12e282593e,Warren Buffett - What You Can Learn From My Real Estate Investments,SecurityAnalysis,alexandria_real_estate_equities,2014-02-24 13:43:57,12,
RTI_0591,015715629749f110,Whats my next long term stock after reaching 1k shares in NVDA?,wallstreetbets,3m,2025-06-04 12:00:38,12,
RTI_0592,46246a274b416ebe,Initial jobless claims estimates for 11/23 (225k average),wallstreetbets,arthur_j._gallagher_&_co.,2022-11-22 10:43:26,8,
RTI_0593,5378b7977428c476,"Tobacco Companies. Specifically Altria Group, which will be releasing its brand of e-cigarettes in the second half of 2013. E-cigarettes seem to be all over the place now. (And the 5% dividend yield is always sweet.) Thoughts?",investing,altria,2013-05-28 21:13:15,37,
RTI_0594,84dfd6462db578a0,What do you think for a brokage account?,dividends,altria,2024-12-07 23:43:10,8,
RTI_0595,6b694901ee29fa36,Failing to Deliver the FTDS😂. Love seeing all these days of “-“ for fails to deliver 😂 it’s amazing to see them becoming more and more desperate to hide what is happening here. They removed the CAT system Failing to deliver the fail to deliver data Hit piece after hit piece on MSM Bullish AF on hiding the evidence of just how fukt these shorts are 🔥💥🍻,Superstonk,3m,2025-03-31 14:41:40,67,
RTI_0596,228dd03b01bdf715,This chart shows a comparison between GameStop and 4 of the big guys. GME has traded 354% of shares outstanding so far this month while the others aren’t even close. 🔥.,Superstonk,apple_inc.,2024-05-24 16:29:18,31,
RTI_0597,b14c100210301cfd,AI taking over a Wendy’s near you.,wallstreetbets,assurant,2023-06-08 01:44:36,7,
RTI_0598,f0733bc8bfeecf6e,Applied Materials or Qualcomm?. I think the semiconductors pull back is overblown and am thinking of buying the dip. Do you prefer $AMAT or $QCOM for a 2-3 year time frame?,investing,applied_materials,2018-09-14 17:53:15,31,
RTI_0599,04e4c97bbca4c852,"Why is this company a part of the S&P 500, according to Robinhood? Downhill since inception a year ago.",RobinHood,3m,2017-11-02 02:51:42,19,
RTI_0600,b511c05b08f6dd35,"Form 4 Aggregate Trade Volume, last 7 days. process: web scraped Form 4’s from the SEC’s EDGAR reporting website, looking at the past 7 trading days. aggregated the trades, sorted by aggregate volume, ended up with these two charts… it’s not full-proof as I’m sure I missed some tickers and it doesn’t take into account options. a form 4 is required 2-5 business days after an executive at a public company purchases / disposed of stock in the company.",wallstreetbets,arch_capital_group,2024-03-02 21:47:41,79,
RTI_0601,1fec301ea5750269,"JOFFU units just went online. Bought in @ 10.37 a few minutes ago.. JOFFU units now available: Joel Leonoff (Vice Chairman, Paysafe, Orig Founder & CEO ), Peter Smith (Fmr CFO, Paysafe), Alok Sama (Fmr CFO, SoftBank Group International; Fmr Chief Strategy Officer, SoftBank Group)",SPACs,american_international_group,2021-02-05 15:24:03,45,
RTI_0602,5a50b0f1bd63ac14,"Portfolio Tilt Suggestions. When looking at my entire portfolio across 401k, Roth, and taxable, here is my current breakdown. FSKAX - 48.13% VTI - 18.05% VXUS - 26.79% Would it make sense to split the remaining money between AVUV and QQQM? I like the idea behind a fund like AVUV and their factor process. On the other end, I am thinking that companies like Apple, Microsoft, Google, and NVIDIA will be major drivers over the next 4-5 years.",ETFs,apple,2022-06-01 14:59:01,78,
RTI_0603,692c001fcd79d6e0,$FUBO gains. I set up a custom screener in RH to catch stuff like this and it’s working remarkably well!,pennystocks,3m,2025-01-06 22:01:16,20,
RTI_0604,6df3d1d051b3417a,"Feedback on Income-Oriented Portfolio. I'm turning 36 soon and currently have no more salary from my job. I’ve invested $1,330,000 in the market, mostly in an S&P 500 ETF, but I’m now looking to shift my allocation towards an income-focused portfolio. I've put together a spreadsheet with my current allocation plan, and I would greatly appreciate your honest opinion on its sustainability. Are there any adjustments you would recommend? I’m open to your suggestions! Thanks in advance for your help!",dividends,arch_capital_group,2024-10-22 12:34:28,80,
RTI_0605,335aeea99ef59021,Can anyone relate?,ETFs,3m,2024-08-02 14:01:08,3,
RTI_0606,d4ddb514c86919e7,"Thoughts on British American Tobacco (BTI/BATS) and Altria (MO)?. I need a cash cow and a hedge against inflation. Both companies seem undervalued, BATS arguably is cheaper. My cash flow model gives me a possible 15/20% rate of return for BATS. Risks: I know however that Biden might ban menthol cigarettes, which account for a big chunk of their American products, and the Us accounts for more than half their earnings. I guess MO is in a similar situation (?) So, what you guys think? Which one is better? Is this a good investment?",ValueInvesting,altria,2021-12-27 08:45:51,94,
RTI_0607,1d6bb5eac8dc8d3b,"Is Google undervalued at forward PE 18?. Google is growing its revenue/EPS at around 15% annually. Its current PE is 22.7 while forward PE is 18. Given other AI players such as Apple, Nvidia, Microsoft are valued at PE of 30-50, do you think Google is undervalued?",ValueInvesting,apple,2024-09-14 06:14:05,47,
RTI_0608,fae1976977e9dd8f,"For those of you holding Real Estate, how are you doing?. For those holding a Real Estate portfolio, how are you doing? Lots of people are holding cheap mortgage debt (2-3%, 30 year fixed) and rental properties. This debt is effectively shorting the dollar, RE is a hedge against inflation the cost of debt service goes down in an inflationary environment",investing,alexandria_real_estate_equities,2025-04-05 03:11:47,61,
RTI_0609,bfd438eb62842577,On Alphabet Inc. Can someone help me understand why Alphabet has 2 classes of shares (A and C) and which one should I invest in?,stocks,alphabet_inc._(class_a),2019-02-04 15:02:46,25,
RTI_0610,b7bc678e9a0a432b,IPOB - Invest in Amazon for Houses alongside Cathie Wood before its too late.,SPACs,amazon,2020-12-16 15:46:25,14,
RTI_0611,c39104866fb7e594,"The Most Significant Reorganization in Chinese E-Commerce History. 🖖 Alibaba to split into 6 units and explore IPO’s. Alibaba (BABA) announced last Tuesday it will split its company into six business groups, each with the ability to raise outside funding and go public. Each business group will be managed by its own CEO and board of directors. The split is “designed to unlock shareholder value and foster market competitiveness” What are the groups? Cloud Intelligence Group Taobao Tmall Commerce Group Local Services Group Cainiao Smart Logistics Global Digital Commerce Group Digital Media and Entertainment Group",investing,apollo_global_management,2023-04-03 15:17:57,95,
RTI_0612,3a5fb062db58aae0,"China Halts Critical Exports as Trade War Intensifies. I'm more worried about China withholding precious minerals and magnets that both U.S. companies and the military rely on. The so-called heavy rare earth metals covered by the export suspension are used in magnets essential for many kinds of electric motors. These motors are crucial components of electric cars, drones, robots, missiles and spacecraft. Gasoline-powered cars also use electric motors with rare earth magnets for critical tasks like steering.",stocks,american_electric_power,2025-04-13 18:42:13,77,
RTI_0613,809240a62951cc17,"XAUUSD, sometimes it's just so obvious how support and resistance works",Forex,3m,2025-01-16 14:46:31,11,
RTI_0614,0810d4f95187bdaf,"Calls on $CRON?. Context: ​ ER is tomorrow (before the bell), mixed reviews but pot stocks have been doing pretty well. Altria invested heavily into them and will do everything in their power to pump it. Cronos has around $1.6B in cash reserves according to multiple reports. ​ Could be a quick play perhaps?",wallstreetbets,altria,2019-05-09 01:38:03,54,
RTI_0615,0ee7b2f4469a2cd6,"GME stores to rebrand like Apple?. With RC’s stake in Apple, do we think the next step after shutting down unprofitable stores is to revamp the current, strong ones? As a customer and investor, this would delight me. I love our local stores but some days they look like they haven’t been vacuumed in a month. Customer service is hit or miss. Have there been any rumblings about a store wide overhaul, or hiring that would indicate this?",Superstonk,apple,2025-04-01 03:09:53,78,
RTI_0616,dbc9a573c600278c,"XAIR Beyond Air stock. Any thoughts on XAIR beyond air stock? With many different covid-19 treatment options out there, I think inhaled nitric acid treatment could become a big player. A lot of hospitals already started doing treatment and research on nitric oxide to treat coronavirus, and the product XAIR offering is one of a kind. They got approved by FDA to start clinical trial on Apr 16 . I believe they are going start clinical trial in US, CANADA, and Iran.",stocks,air_products,2020-04-24 22:57:12,82,
RTI_0617,b261cbb758f66fbb,Xauusd. Xauusd Trade Setup Daily time frame,Forex,3m,2025-01-02 05:54:51,7,
RTI_0618,8d66eb98ccafce47,I’m gonna hodl till it hits -150%,pennystocks,3m,2025-01-16 20:08:36,7,
RTI_0619,8fdef2a4e4458640,"Market stays up, GME stays cheap. Share offerings occur, with consistent sales GameStop builds up massive piles of cash. Market goes down, GameStop buys cheapies in other assets in the S&P 500 like Apple or Exxon or whatever",Superstonk,apple,2024-09-14 16:19:42,38,
RTI_0620,d01735f8ecb40b5e,"AbbVie jumping as Allergan Deal Closes. Following the latest results, AbbVie's ten analysts are now forecasting revenues of US$39.7b in 2020. This would be a solid 16% improvement in sales compared to the last 12 months. Additionally, with its mega-merger with Allergan finally in the books, AbbVie is officially a colossus with a bustling drug portfolio and a few strategic hurdles in its immediate future.",investing,abbvie,2020-05-13 02:05:43,65,
RTI_0621,a5ac9550c8b8cabb,"let's talk about AMAT. WTF after earnings, Applied Materials has been sucking dicks around $51 and cant seem to make big moves. Does anyone actually know stuff about this company? I just bought it cause memes and my $55 July and August bags are HEAVY",wallstreetbets,applied_materials,2018-06-07 16:54:03,45,
RTI_0622,e9dc0e82d6ff7b7d,JEPQ question. What are the Ndx 6 7 8 9 in these holdings? How do I find more about it?,dividends,alphabet_inc._(class_c),2023-08-15 18:08:16,20,
RTI_0623,775cbda09d16ca33,"TUESDAY PLAYS (OPTIONS). Hope everyone had a rowdy Monday, for me not too much action got in on short puts in the morning that’s about it. I was wondering opinions on Apple 250 calls, what are the thoughts could it be a quick swing trade?",options,apple,2025-02-24 19:12:10,45,
RTI_0624,45cca88f9ad8982d,"So then I said to my wife, “Either this money goes to GameStop or to a divorce lawyer.”",Superstonk,a._o._smith,2023-08-03 22:39:34,18,
RTI_0625,8d6a878b1e09e5da,Nobody is buying Apple phones or their AI Chip! All Hype,wallstreetbets,apple_inc.,2024-04-12 14:49:24,11,
RTI_0626,49a72af69503d222,Shoutout to ECB - EUR/GBP. Easy £1060 today from ECB,Forex,alexandria_real_estate_equities,2023-05-04 15:59:03,10,
RTI_0627,0de843a9a753a4d3,Most traded international stock week of 12/05..87% buy / 13% sell 🚀,Superstonk,advanced_micro_devices,2022-12-13 03:16:42,12,
RTI_0628,0425742d9fbcd967,Will QQQ make a recovery?,ETFs,3m,2024-04-25 02:00:26,5,
RTI_0629,e8d1f38fbdb29c1d,"Do you think TRET will ever recover? I've been DCAing this ETF like crazy ever since I bought at the top of it and now it's uncertain weather PROLOGIS , Public Storage Reit, Simon Property, Realty Income, and it's other constituents will ever grow back to where it was. What do you think? 🤔😕",StockMarket,alexandria_real_estate_equities,2023-10-04 15:53:33,54,
RTI_0630,2edf9eef3f15583e,"Apple watch notifications ""muted"" for some reason. A friend and I both have the same issue (/[USERNAME]). The notifications to show on the watch, but they don't vibrate or play a sound. It's been like this for months. Is everyone experiencing the same thing?",RobinHood,apple,2018-10-03 14:30:13,44,
RTI_0631,ebb4091a8ae71fc7,"When doing research on Biotech companies in Excel what categories do I search for?. For example: if I was analyzing AbbVie, what information about the company would be a good idea to transfer to the Excel sheet? How do I keep track of multiple companies at the same time? Is there a template I can follow? To simplify my question: Are there any specific books or resources I can use to learn how to analyze biotech stocks? This is very important to me so any advice is appreciated!",stocks,abbvie,2018-04-21 21:41:37,88,
RTI_0632,207b4e959ab8c777,"Green times ahead. The present beware, the future beware; he’s coming, he’s coming, he’s coming.",Superstonk,american_water_works,2025-03-27 23:41:13,15,
RTI_0633,bb0fdcc1ffa43b88,"Advanced money destroyer. Literally why. All metrics, performances and KPIs consistently met. Still flat YtD - when revenue up over 40÷. Punished for nothing",wallstreetbets,advanced_micro_devices,2024-11-13 15:54:57,24,
RTI_0634,42a53dc9059af485,"Investing Since July 2023: Good/Bad/Average?. Been a big proponent of dividend stocks for a couple years now. $45-ish a month. So far I put in around $14.5k. A lot of the investments are energy, but I tried to make a diversified portfolio. Goal is to match all monthly expenses with dividends.",dividends,amazon,2024-12-23 19:32:21,51,
RTI_0635,41c5a882807c5972,The Four Horsemen: Amazon/Apple/Facebook & Google--Who Wins/Loses,SecurityAnalysis,amazon,2015-03-09 15:42:34,7,
RTI_0636,5ca7ac969b69e257,"1400% in 2 Month. It has been the best quarter in my 3 years trading journey, started this account on Nov 7 to have a fresh track to see how my data would look like. Started with 4K and made 47K profit. Around 100 trades with 50% winrate and 2.25RR on average.",Forex,alexandria_real_estate_equities,2023-12-22 20:18:27,52,
RTI_0637,5e43d9a8450851ed,"Question about Airbnb ipo. I’m expecting when it comes out , the stock is going to rise really fast due to all the hype and then there is going to sell off . I’m wondering if you guys have any idea how long will the hype last ? Will it drop the same day or continue onto the next day ? I’m asking because I can’t day trade . Thanks",stocks,airbnb,2020-12-09 08:05:07,70,
RTI_0638,06d684e30d71cf72,"MO - Altria 4Q20 Earnings Recap - Buyback Announced. I've done a recap of Altria's 4Q20 earnings results, as well as a dive into the risks and an updated bear case valuation. I continue to see good value as shares have essentially flat-lined for the last year despite some positive developments in the underlying business. ​",ValueInvesting,altria,2021-02-08 02:27:29,56,
RTI_0639,caf77cff13c0ac2c,"Canyon Partners Co-Chairman Friedman on Commercial Real Estate, Credit Markets and Exposure to Risk",SecurityAnalysis,alexandria_real_estate_equities,2019-03-16 16:10:54,14,
RTI_0640,296835e92e294abd,Pitiful. Remember when rich people would compete on who could make the biggest social impacts? You know they did the maximum tax deduction donation,Superstonk,apollo_global_management,2024-06-20 20:19:22,24,
RTI_0641,a6188a726ecacdb6,"Most Anticipated Earnings Releases for the week beginning August 22nd, 2022",StockMarket,arthur_j._gallagher_&_co.,2022-08-20 11:34:57,11,
RTI_0642,d4f162fc583f9064,"A fellow WSB degenerate told me to double my last post 💰. Had no money on May 23 but saw a golden SPY opportunity forming, and opened up a margin account to invest with $1400 borrowed funds. Made 3k. Then took that money and entered the market today at 11:15 AM was in it's cool off period. Ignored the 20% take profit rule and sat there full clenched as the SPY bounced around. Was fully prepared to eat tendies 🍗 tonight but pushed for steak 🥩. It's not over till it's over.",wallstreetbets,3m,2025-05-27 18:18:27,92,
RTI_0643,4a62180af2902434,"Are Credit Card Companies (Visa, MasterCard, AmEx) Good Investments?. Hi, what are your thoughts on the short- and medium-term prospects of credit card companies like Visa, MasterCard, and American Express? Are they good investments? Would you invest in them, or do you think there are better alternatives? Thank you!""",dividends,american_express,2025-01-05 21:37:08,49,
RTI_0644,6df7c5624c912699,"My DGI Portfolio. This is my 20 positions DGI Portfolio! I'm not a yield chaser, I focus on buying great companies that growth their dividends. One position doesn't pay a dividend (AMZN) and another one pay a minute dividend. What are your thoughts?",dividends,amazon,2024-10-03 15:36:04,43,
RTI_0645,8fe7e87890130623,Yesterday's bear trap continues into today's bull trap,StockMarket,apple,2025-04-08 16:31:01,8,
RTI_0646,53a02c8f3cedb712,Got any opinions for a new 24 year old?. Just started investing and it’s send addicting Recently left 120k job and taking a 45k ish job will be able to invest 500 a month,dividends,3m,2025-06-07 08:19:59,34,
RTI_0647,b46bc365234a474e,"World Travel and Tourism ETF’s. Hi, Does anybody know of any Travel and Tourism ETF’s? airlines, hotel companies, cruises and travel tech like: airbnb, booking holdings, TripAdvisor and Expedia I’m struggling to find any. There’s a STOXX600 but of course it’s only for Europe and they have too many gambling positions. I’m looking to rebalance and plan my portfolio for next year and I think it could do well next year. Cheers guys!",ETFs,airbnb,2021-11-20 17:54:05,73,
RTI_0648,49a0cb9bbfe964f1,Roast my portfolio.,dividends,american_international_group,2024-09-16 00:37:45,3,
RTI_0649,4ec43bf7cea87ad3,"Is there an Apple settlement? I received an email but I’m afraid to click on the attachments. The email comes from proxyvote.com. It says the lawsuit is being handled by Gilardi & Co LLC. Apparently Gilardi is now called Veritable Global. There is no mention of the lawsuit in that site. Anyway, I do own Apple stock and have for many, many years. I don’t want to click on the attachments in the email in case this is not legit. How do I know if this is a real settlement email or not? Thanks.",investing,arthur_j._gallagher_&_co.,2024-08-13 23:16:08,94,
RTI_0650,1de2476ff3ebf328,Me learning to trade options,wallstreetbets,arthur_j._gallagher_&_co.,2022-10-10 03:19:35,5,
RTI_0651,4db011b8d2c7b5dc,Airbnb Stock Analysis: Is it worth it at this price?.,ValueInvesting,airbnb,2020-12-13 22:39:51,10,
RTI_0652,5913fa7fe6a0fd4b,Top 10 best performing financial dividend growth stocks in the last 10 years,dividends,arthur_j._gallagher_&_co.,2023-04-23 17:06:54,13,
RTI_0653,7df6879c3fd11cee,Looking into Tom Lee's world,StockMarket,advanced_micro_devices,2023-05-22 18:41:38,5,
RTI_0654,a6548fc90440010a,"UNIS, who is in?. Anyone going all in on UNIS for the possible AMGEN deal? It's going to happen soon if it ever happens and will cause 150-200% gains basically immediately. Who's in? Hey so anyone that profited from this if you want to pay me back just message me a solid for sure pick in your mind. That would be excellent! Stay in the green!",wallstreetbets,amgen,2016-02-18 04:08:45,66,
RTI_0655,750ee050bd57c180,"Investing in Structured Notes with 18% Return?. My advisor joined a new small firm this year and is pitching me investing in structured notes his firms buys that return 18% to clients. Basically they do these $3M at a time and put various clients into these. These are loans to high rated financial companies is my understanding and are setup so they limit downside of returns, these are loans basically to large banks etc is way it was explained. I've know this advisor for 5 years as a background. Has anyone invested into Structures Notes? Thoughts?",investing,3m,2024-11-09 03:55:04,96,
RTI_0656,108f4fdbfd76188a,Buying Apple Computer In 2000,SecurityAnalysis,apple,2024-01-17 05:00:28,5,
RTI_0657,4cfb7086e259f48e,"Most anticipated earnings releases for the week beginning October 24, 2022",options,3m,2022-10-22 12:25:34,11,
RTI_0658,38cd91e2dd2ff776,I've developed a mobile game to practice trading skills. I've spent 6 months to develop this game called Trading Royale Would love to hear your feedback. iOS: Android:,pennystocks,apple,2022-08-09 19:39:05,28,
RTI_0659,81ebbd5608e184a6,Next weeks company earnings report. Next week these are the company's coming out with company earnings reports. Now I'm not too sure what to invest it but I think Airbnb might be a good play on puts. But I'm not too sure because the cpi report might screw send the market in a up roar. What do you guys think will be the best plays?,wallstreetbets,airbnb,2023-02-11 03:17:02,65,
RTI_0660,9c08f1521a360c6a,GME currently 7.08% up 🚀,Superstonk,3m,2025-03-25 20:10:32,5,
RTI_0661,752745687c2dbf6e,"Is this a good time to invest in blue-chip companies?. Does it make sense to buy shares in companies like Apple, Microsoft, and Nike as their prices are all low due to coronavirus? Do you think that taking advantage of low prices right now will have a pay off in the future after the coronavirus concerns are abated or would it be wiser to steer away from these companies right now? Thanks!",RobinHood,apple,2020-02-26 01:17:55,72,
RTI_0662,1e9035275f2921cd,"HMNY - How does an equity line of credit work?. HMNY's CEO has been claiming they're sitting on a $300m equity line of credit which assures they will not go bankrupt in the next 17 months. However, the company's market cap currently is below $50m. How can a company sell equity for a total of $300m when their entire company is worth less than that? How exactly does their equity line of credit work? Thanks!",stocks,assurant,2018-05-17 07:02:59,75,
RTI_0663,f4991cf9a8409d2c,Susanne Trimbath on Twitter,Superstonk,alexandria_real_estate_equities,2024-03-05 13:10:51,4,
RTI_0664,7c4341373dbd6ecb,"How did AAPL spend $567 per share in repurchases?. This article says AAPL spent 18bn to buy 31.7m shares in the first quarter of 2014. This works out to about $567 per share. It also says 11.4m of those shares were purchased at 526. Am I missing something here? Or did other shares get purchased at much higher than 567 to average 567, even though the stock was below 567 during the first quarter?",investing,apple_inc.,2014-04-28 20:08:05,74,
RTI_0665,950bd3f527d8f95d,"Altria: Q1 2023 Analysis, ABI stake Math + State of the U.S. Nicotine Market",ValueInvesting,altria,2023-04-30 11:49:07,14,
RTI_0666,9e3dcd760e16d523,"A few questions. Looking to get into investing so I have a few questions and a hypothetical. 1. Which investing tool would you reccomend? I just downloaded webull and I have coinbase and crypto.com 2. Some good stocks/etfs to invest in. I know Altria, qyld (I think) and the reality income corp. (O) are good ones 3. If you had 1 million dollars today to invest in stocks/etfs, which 10 would you purchase",dividends,altria,2021-11-30 13:12:07,73,
RTI_0667,5a250454562a22c9,"New Bloomberg Article. Talks GameStop ""Meme Traders"" buying into Amazon & Nvidia (Sure). Amazon & Nvidia are Top Options Plays (Puts & Calls) of Citadel & Company. Also talks Evergrande in Court & Buttcoin. FYI Bloomberg is directly tied To Citadel... See Comments for DD!",Superstonk,amazon,2023-12-04 13:22:21,45,
RTI_0668,aafb6391e8f71d86,"Advice ETF portfolio. Portfolio starting investing Hey everyone, Thinking about starting investing in ETFs and shares, as there is alot of valuable knowledgeable members here looking forward to advice for portfolio below. Much appreciated in advance and happy to receive any feedback. 50% IWDA IE00B4L5Y983 10% ESG criteria IE00BYX2JD69 10% EU only IE00B4K48X80 10% Small Caps IE00BF4RFH31 20% random shares chosen below Disney Cola Nestle Meta Amazon Tessenderlo Google Apple Microsoft Intel Asml",ETFs,apple,2023-02-21 16:17:54,73,
RTI_0669,3708cf38e2be3b0d,"Got a Mess On My Hands. Look.... I was kinda just throwing things in-- little research, just sending. It's messy and I know I need to 1. position myself for my age and 2. Simplify my portfolio ​ Where would you start with this spaghetti mess? I'm 28 years old. I was thinking increasing my positions on Microsoft/Apple/VIG for the next year or so for some more growth into around 15% of my portfolio. ​ VOO 33% SCHD 22% VEA 7.5% O 10% VTI 6.6% VYM 5.5% GOOGLE 4.5% MICROSOFT 4% APPLE 3.4% VIG 2.6%",ETFs,apple,2023-01-17 15:37:56,95,
RTI_0670,52aa4e1a070bf050,Did C3.AI accidentally release their earnings data early?. Did C3.AI ($AI) accidentally release their EPS and Revenue early? I’m seeing on investing.com and tradingview that the numbers for their upcoming 9/6 earnings info are already out somehow? Does anyone know if this might be real? Numbers seem a bit too precise to be made up... Expected Revenue: 71.56M Actual Revenue: 71.46M Expected EPS: -0.173 Actual EPS: -0.175 I saw a few weeks ago that earnings was originally supposed to be August 31st but then they moved it to September 6th so maybe that could have something to do it?,stocks,alexandria_real_estate_equities,2023-09-05 16:17:30,99,
RTI_0671,7946dea9ceee32e2,[OC] World's Top 3 Online Travel Marketplaces,StockMarket,airbnb,2023-01-17 23:19:08,7,
RTI_0672,c32adf5f1544a89e,"Profitable day traders? Think again.... I’ve replied to may threads on here about the struggles of intra day trading, I’ve always said people shouldn’t do it, it’s a ridiculously hard timeframe to make work. interesting to finally see a statistical paper on the subject. Sweet spot for trades, depending on volatility are 1m to 3m",investing,3m,2019-09-13 06:14:26,55,
RTI_0673,83ce64fafde34880,"Amazon deepens tech-sector gloom with another 9,000 layoffs. How could the pandemic cause big tech like amazon to over hire by almost 40,000 people? The stupidity here is just mind boggling. I work for a large company and within my group alone, we added 1 guy who was an internal hire so technically, we added nobody from the outside on my team. After big tech is finally done with its layoffs, where do u see the overall economy at this point.",investing,american_international_group,2023-03-20 21:12:45,81,
RTI_0674,6422e064349b4a37,And all of a sudden everything starts shooting up? Something smells like coordinated selling and buying on a massive scale by investors with a lot of cash to burn. Like institutions. The movie that will be about all the illegal shit that happened here is going be fucking crazy,Superstonk,apple_inc.,2021-09-21 13:55:13,49,
RTI_0675,b40f629860d8dfc0,"Ex. If money hidden. A Houston tax attorney was charged with creating offshore entities and foreign bank accounts that helped billionaire Robert F. Smith hide $225 million from the Internal Revenue Service, according to the Justice Department. Chuck Myers, MBR / TNS",Superstonk,a._o._smith,2021-05-29 15:32:35,42,
RTI_0676,69a798be15431c6f,I'm in disbelief !!!. I entered the trade on AUDNZD last night around 7pm there I live in Zimbabwe I'm using Goat Funded Traded prop firm I looked at the tradingview and I was like yeah I'm winning but to look at my mt5 damn I was in disbelief. Is it slippage during market closes or something !!!,Forex,3m,2025-06-12 05:04:58,58,
RTI_0677,8d79acd539351b58,I went up off of a put in META STOCKS,RobinHood,3m,2024-02-06 05:21:01,10,
RTI_0678,cb22a914f6a10a9e,"Thoughts on Accenture (ACN)?. Motley Fool is recommending it as a leader in third wave of AI? The CEO, Julie Sweet, seems to be a great leader but just announced her breast cancer is back. As someone who has been through this type of cancer w my wife, I know the treatment can be very time consuming and debilitating. So I am concerned about her ability to lead right now. The company does seem to have a good place in the third wave of ai. Thoughts?",ValueInvesting,accenture,2025-03-28 12:18:56,86,
RTI_0679,f8eca73464d73214,"DTC is an abyss of an unknown fungible bulk of shit! Please explain how Any shares held in DTC for Operational Efficiency can be ""Assured"" not be leant. source link in comments.",Superstonk,assurant,2024-01-29 16:54:01,32,
RTI_0680,685f673f5d28b9f8,Updated the positions and got 12.5k,dividends,abbvie,2025-06-04 16:52:27,6,
RTI_0681,b1115cff380f7fc8,Where’d the “Stop Trading “ article go? Too blatant?. Did someone realize they might have been coming on a little too strong?,Superstonk,3m,2025-03-27 14:56:28,22,
RTI_0682,6cef4f8f718c49e4,How is everyone doing - buying or holding cash for further dip??. aa,ETFs,amazon,2025-04-08 22:22:29,13,
RTI_0683,a15bfef6eed502ba,Hit my goal of 25% in the first month! 25 for 25 on trades so far taking small gains usually.,RobinHood,3m,2017-08-29 15:21:55,20,
RTI_0684,aab38f6d70ce4aef,"Thoughts on earnings reports for May 2018. Looking towards $AAPL (May 1), $NVDA (May 10), and $WMT (May 17). Nvidia I think might do well, as AMD and Intel did on the earnings this week. Apple is a 50/50? Recent news don't look favorable to them. As for Walmart, I don't know if they can compete with Amazon, even with their Flipkart deal. EDIT: $BRK.B (May 4) as well.",RobinHood,apple,2018-04-27 00:05:55,69,
RTI_0685,ff84fcc64417fb39,"Fidelity Investments can’t cover fraud hacks. My Fidelity Investments debit card was hacked a week before Thanksgiving and there were six (6) fraudulent charges on my card. I immediately contacted Fidelity and was assured the funds would be recovered and returned to my account within ten (10) days, yet here we are twenty (20) days later and they’ve yet to make me whole.",investing,assurant,2018-12-15 18:18:37,63,
RTI_0686,3d7bd031fefb6e5e,"How to play Airbnb on second day?. I bought 250 shares of Airbnb after the IPO for $156/share. Probably should've sold at $163, but yeah, now I'm stuck. In the case that it starts to dip heavily on the second day, should I hold or sell at a loss and get out? Any thoughts?",stocks,airbnb,2020-12-11 09:41:20,54,
RTI_0687,1cb210b881baa35b,"Biotech Stocks To Watch This Month. Biotech Stocks That Hit Fresh 52-Week Highs Sept. 7, 2018: Amgen, Inc. (AMGN) BioSpecifics Technologies Corp. (BSTC) BIO-TECHNE Corp (TECH) Eli Lilly And Co (LLY) Genomic Health, Inc. (GHDX) Kiniksa Pharmaceuticals Ltd (KNSA) Krystal Biotech Inc (KRYS) Merck & Co., Inc. (MRK) Myokardia Inc (MYOK) PRA Health Sciences Inc (PRAH) ProQR Therapeutics NV (PRQR) Rocket Pharmaceuticals Inc (RCKT) STRATA Skin Sciences Inc (SSKN) Tactile Systems Technology Inc (TCMD) Full article:",pennystocks,amgen,2018-09-11 16:17:33,76,
RTI_0688,86e5e10a1566ef00,"BNED- caught in the drop, Hold?. I was curious about this one. Got in at .57, tried to catch the $1 and here I am. Very small investment and seems to hover around .20ish. Lost cause, take my losses? Don't enjoy donating, feel like I am chasing ghosts.",pennystocks,3m,2024-05-02 00:07:44,48,
RTI_0689,92f0d6ad174de390,There's precedent for Amazon competing with so many companies. It doesn't end well.,SecurityAnalysis,amazon,2017-10-30 04:24:25,13,
RTI_0690,9a86a7e0e420b512,AAPL 12 more till 7 figures,wallstreetbets,apple_inc.,2024-06-11 20:30:52,6,
RTI_0691,95d6e4a49cef75d4,First time investor in dividend stocks your thoughts. 1. PepsiCo (PEP) 2. Johnson & Johnson (JNJ) 3. Procter & Gamble (PG) 4. AT&T (T) 5. Realty Income (O) 6. Microsoft (MSFT) 7. Apple (AAPL) 8. Unilever (UL) 9. Vanguard (VYM) 10. Schwab (SCHD),dividends,apple,2025-01-19 18:51:10,43,
RTI_0692,bf58036361ea2b15,Absolutely loaded $GLXY calls. I think the Coinbase and CRCL rallies will fuel a rotation into this recent IPO. Rate my position,wallstreetbets,3m,2025-06-24 17:51:43,22,
RTI_0693,d4be34499a5c3141,Apple Q3 FY24 earnings visualized (they just released their P&L),dividends,air_products,2024-08-01 21:52:11,10,
RTI_0694,b1705429449ee63e,"Historical Performance of Options Strategies. I see many questions about which options strategies are better than others, what are their upsides, downsides, etc. Therefore just wanted to post this quick reminder that CBOE maintains benchmarks of various options strategies at To compare any of the strategies to holding SPY/SPX, select the desired strategy, then click on ""Performance"" tab, then enter ""SPX"" and click ""Compare"". Try zooming on the recent 2-5 years to view the comparison in more detail. ​",options,3m,2022-08-30 16:57:05,79,
RTI_0695,d06df82de09624bd,"Bank Holding Companies Complete Stress Tests: Failures and Winners. tl;dr Citigroup, Ally Bank, and SunTrust all failed. New York Mellon, State Street Corp, and American Express came out with the best scores. Partially as a result of their (positive) score, Wells Fargo is increasing its quarterly dividend from 12¢ to 22¢. Discuss the potential market reaction to this news.",investing,american_express,2012-03-14 13:42:40,59,
RTI_0696,bb21b0ac9ce960ca,Thoughts on my portfolio,dividends,apple,2024-10-18 02:05:51,4,
RTI_0697,a536dcd9a1d4630f,"Which Healthcare ETF?. Hi, I am looking to invest 10% of my portfolio in Healthcare. Most of my portfolio is in VT. For my healthcare exposure, I have looked at IDNA, HEAL and WHCS. All 3 ETF's are run by iShares. IDNA HEAL WHCS I am deliberately staying away from ARKG as it is actively managed. Also, I need global healthcare exposure so VHT has also been ruled out. Please let me know if you hold any of these (HEAL, WHCS, IDNA) and if you think these are strong healthcare bets.",ETFs,apollo_global_management,2020-08-27 09:34:38,91,
RTI_0698,fb510a0d63507281,"if the hardest part is the first 100k, what’s the second hardest part?. hit 100k today 😎",dividends,apple_inc.,2024-03-22 06:10:56,17,
RTI_0699,5936460d039b646e,"At what point should i consider exercising options? Deep ITM gains. First time having such deep ITM options, at what point should i just let it be exercised instead? Only been buying/selling options so far",wallstreetbets,apple_inc.,2025-06-11 00:35:58,35,
RTI_0700,586b9ea00a22d567,"Does it make sense to invest in XLRE long term right now?. I’m interested in getting some exposure to real estate, but I’m unsure of the timing, are we still in a real estate bubble?",ValueInvesting,alexandria_real_estate_equities,2025-01-15 16:50:33,35,
RTI_0701,890c9cddb970d051,Wall Street running a Short One Short Four Free special on “meme” stocks today,Superstonk,apple_inc.,2024-06-14 16:37:01,14,
RTI_0702,228292f55d1cbd4a,Weekly Earnings Thread 2/3 - 2/7,wallstreetbets,amazon,2025-01-31 14:48:46,6,
RTI_0703,fef6b75f1478624c,Anyone used AlphaCapitalGroup?. First time buying a prop funded and the prices on this are crazy. Does anyone bought this challenge? thanks a lot,Forex,arch_capital_group,2025-06-13 12:19:55,24,
RTI_0704,67f8f7d5a6a299ff,"Trump’s approval rating on the economy drops to lowest of his presidential career, CNBC Survey finds. I found this chilling: Meanwhile, Americans have turned more negative on the stock market than they’ve been in two years. Some 53% say it’s a bad time to invest, with just 38% saying it’s a good time. The numbers represent a sharp turnaround from the stock market optimism that greeted the president’s election. In fact, the December survey represented the sharpest swing toward market optimism in the survey’s 17-year history and the April survey is the sharpest turn towards pessimism.",stocks,apple,2025-04-21 10:44:23,96,
RTI_0705,93ec2174fc7c19f1,QS.... Anyone have insight on the long term prospects for QS? Is the ride over? I DCA’d in at $65 in my Roth so I have nothing but time; however it would be nice to see some positive headlines. Seemed odd a few weeks back that an insider questioned the co & wonder if there’s more to that story. Having this holding in my Roth is my only saving grace. I’d be pulling my hair out if I had it in my brokerage account. Appreciate any insight,investing,arthur_j._gallagher_&_co.,2021-01-21 04:11:34,87,
RTI_0706,3b8f9c667e27eeff,"I keep investing in energy and space industries. I’m sorta really into space, so I figured I’d invest and it went really well. I’m also into nuclear energy, so I invested and it went really well. I’m thinking I’m just going to invest in the energy and space sectors for a while as part of my saving and call it that.",StockMarket,3m,2025-01-04 05:58:44,61,
RTI_0707,f6b1bea61e5b78d3,Earnings for the week of July 17th,wallstreetbets,american_express,2017-07-17 11:16:46,7,
RTI_0708,6ddf5b17f7d55424,Thoughts on Boeing?. Boeing seems to be a good buy at the moment. What do you guys think? 💭💭,StockMarket,3m,2024-06-30 19:58:09,19,
RTI_0709,d25d1ad05c8f53b6,last week's economic events were major compared to next week's. But this coming weeks earnings should be interesting.,wallstreetbets,american_international_group,2022-10-15 16:59:16,18,
RTI_0710,537d7c84431f37e2,2025 Dividend Kings Ranked by Yield (Dividendology on X/Twitter). Sharing this for research purposes only. Not a recommendation to buy or sell.,dividends,alexandria_real_estate_equities,2025-05-25 15:43:05,22,
RTI_0711,71c687c6a2de9924,"What non-tech stocks should I get?. I'm looking to get some non-tech stocks because my current portfolio is very tech-heavy. I was looking at BRK.B, but that's 40% apple. Here's my current portfolio. GOOG: 6.91% MSFT: 4.12% VOO: 39.52% AMZN: 5.26% AAPL: 5.79% DIS: 2.07% NVDA: 21.78% I have 14.55% left to get some non-tech stocks. Any suggestions on what I should get? Thanks for the advice. I think this is what I will do. I'll get fairly even amounts in JNJ, PG, KO, and HD. Does this seem good?",dividends,apple,2024-06-04 02:02:12,90,
RTI_0712,240e4eca723c4315,"Mostly single stock portfolio. I have a roth that is mostly individual stock allocations with only two etf's and was wondering what some opinions on it are. The portfolio is 6.8% palantir, 6.8% nvda,6.8% netflix, 6.8% microsoft,6.8% American express, 6.8% chevron,6.8% amazon,6.8% meta,6.8% alphabet a,6.8% coke,6.8% rocket lab, 5% gldm,10% sgov,10% avuv",ETFs,american_express,2025-06-17 05:09:08,52,
RTI_0713,3be7cc6e2f7330c7,Fidelity folio income portfolio. Anyone use?. Does anyone use the dividend portfolio from fidelity? Do you find that it is worth it?,dividends,arthur_j._gallagher_&_co.,2025-06-14 16:02:34,22,
RTI_0714,15a14ba7d88addf0,"People Are Scared of $O Now, And That Is Why I'm Buying!. Going to use this opportunity to get my DCA to sub $50! The newest deal with Spirit Realty will provide Realty Income with more income and long-term value. Share dilution means very little wheb you're accounting for the growth prospects. The balance sheet still looks great, and it is massively oversold, likely by AI Algo traders. Snap back to Realty. Do you know how many times NVDA, Amazon, and Apple have diluted their shares? I'm buying the dip. Edit: I have bought $579 more.",dividends,amazon,2023-10-30 14:17:06,96,
RTI_0715,426d21081b22bb64,"Coming soon to the OTC? ""Vegan Amazon"" ???. ""Vejii Holdings"" $VEJI on the CSE. This just came off a $0.35 IPO and settled straight at $0.20. The increase in volume and ground floor support seems like a decent buy? I've seen large firms sell off large positions at a loss during tax loss season so I dont think this drop is anything alarming. My canadian friend got 50,000 shares at $0.21. Kind of looks like an Amazon play but Vegan. Only source I found that explains it clearly is below. Anyone know if this is available OTC soon?",pennystocks,amazon,2021-11-18 04:57:30,98,
RTI_0716,0efc5e0b7de35d76,"35k pension - considering rolling to my IRA. I have an old pension from Ameriprise Financial that has about 35k. If I leave it, I will get about 103k in a lump sum at the earliest commencement date. I am 44, so if I roll over and invest in VOO, VYM, JEPQ and such I could create more income and have more than 103k. Is there any reason not to roll it over?",investing,ameriprise_financial,2024-01-24 17:21:15,73,
RTI_0717,43c92126595279ca,"Ackman (PSTH) just shot his shot on Airbnb, doesn't look like it worked. Turns out mature unicorns are hard to come by. A headline just crossing: ""Airbnb Is Said to Have Rebuffed Approach From Ackman SPAC""",SPACs,airbnb,2020-09-02 16:10:48,36,
RTI_0718,4f54904a74840919,Any thoughts about STWD(starwood) and MO(altria)?. Would you consider both good individual stock for your portfolio?,dividends,altria,2025-02-03 19:46:44,16,
RTI_0719,6b94eebbd42b6087,3M Board Approves Healthcare Unit Spinoff (shareholders will receive 1 share of spinoff for every 4 of MMM). Does this mean that the dividend will be cut by 20% Or has that yet to be established?,dividends,3m,2024-03-08 20:51:38,36,
RTI_0720,0cee811318a4b574,5000 to $SCHD. Just started my journey. Feels good. Getting .47 cents per day 💪 Eventually I want to make it 100 a day!,dividends,3m,2024-12-29 18:19:35,24,
RTI_0721,288e459a64a23e0e,Highly Anticipated Earnings 1/30-2/03 🚨,StockMarket,alexandria_real_estate_equities,2023-01-29 17:57:51,5,
RTI_0722,6608b6bae23da3a8,Me selling my first share of $GME…,Superstonk,alexandria_real_estate_equities,2025-01-27 22:26:57,7,
RTI_0723,9c828199bd7b89a8,Apple Repurchases $14 Billion of Own Shares in 2 Weeks,SecurityAnalysis,apple,2014-02-07 04:25:22,10,
RTI_0724,656c555d272e0794,"What moves are we making today?. Bahahaha I know I posted yesterday sorry guys but for my update I liquidated all of my Nvidia and bought into KSCP. They recently just signed two contracts, anybody else thinking about giving in on them?",StockMarket,alphabet_inc._(class_a),2024-08-20 14:45:40,42,
RTI_0725,7c60eb25848f5099,📈 American Express (AXP) - Dividend Scorecard 📉,RobinHood,american_express,2022-12-18 18:50:22,8,
RTI_0726,140394940c8d1db5,"I want to buy more $gme, but Charles won’t let me. Anyone else having this problem? I want my dip 🍌",Superstonk,arthur_j._gallagher_&_co.,2024-06-11 14:10:43,21,
RTI_0727,13fbc1be91aa1ab9,Looking at tech stocks today. Most of them are at below the usual trading price ranges.,dividends,apple_inc.,2025-04-02 14:16:50,16,
RTI_0728,c5c08c9af23dbe8f,"NPA - Bloomberg report of POTENTIAL merger with AST & Science. Now CONFIRMED Creating a space-based cellular broadband network. AST has excellent partners, with investments from Vodafon, Rakuten and American Tower. Presentation: ​ Existing shareholders Vodafone, Rakuten, American Tower and Cisneros will INCREASE their investment by buying into the Pipe transaction. ​ ​",SPACs,american_tower,2020-12-16 11:43:01,53,
RTI_0729,29e9284c06816430,"Circle is up 675% in 15 days, what's going on? I'm sidelined.",StockMarket,3m,2025-06-20 16:17:37,12,
RTI_0730,4f6bebc8100fcfaf,Starting my dividend journey. Just started 3 mounths ago.. how am i doing so far? Any recommendations?,dividends,arch_capital_group,2025-03-14 19:47:14,17,
RTI_0731,75e4f544f0494b14,you guys remember when he who must not be named said he's short NVIDIA?,wallstreetbets,advanced_micro_devices,2022-09-21 19:08:46,14,
RTI_0732,d46eb2a2e1de231a,"New to ETFs, what should I change, add, or redistribute?. I’m new to ETFs and most of my investments are in real estate and CDs. My goal is to make more interest and build this account. I took a beating the last few days with the S&P 500 decline. Any suggestions would be appreciated.",ETFs,alexandria_real_estate_equities,2024-12-14 21:25:47,54,
RTI_0733,95c54f5652244073,"Question about option spreads.. Question about spreads. Amazon was trading down today, and I feel bullish on Amazon, so I entered into a bullish debit spread and also a bullish credit spread. The options I bought are as follows: Buy 2995c / Sell 3000c Sell 2980p / Buy 2975p I did these on RobinHood, and I bought all the options in one trade. Instantly after the trade went through, my account shows a loss of $500, even though the price of Amazon stock hasn’t change at all. Why does RH show this $500 loss? Where did the $500 go? Thanks.",RobinHood,amazon,2020-07-23 18:34:14,100,
RTI_0734,ffd1857b22519430,Crossed the 50% Return Mark Today!,RobinHood,3m,2017-09-07 19:20:55,6,
RTI_0735,2f1f62d3e7652530,Hurricane Play. With the increasing frequency and severity of these major destructive hurricanes there has to be a way to profit off of it. Insurance companies paid out roughly 50-65 billion dollars in damages to policy holders from Hurricane Ian alone. The lion's share of this is going to be real estate properties destroyed. All of these will be rebuilt or built bigger and more expensive than before. This is undeniably going to hurt the insurance companies where it hurts. The obvious answer is to short insurance companies and sell puts on building materials companies. What is the consensus?,wallstreetbets,alexandria_real_estate_equities,2024-10-08 01:04:04,99,
RTI_0736,fed6edb451ac3758,Apple Could Transform Health Industry as It Readies Its Biggest Push Yet With New AI Doctor,StockMarket,apple,2025-03-30 17:45:51,16,
RTI_0737,3141d180298a341e,Beating earnings by 300% again 🚀,Superstonk,3m,2025-06-10 20:07:05,6,
RTI_0738,6200a9ff3724d1df,Apple options. I was thinking about 175 and 180 call options on Apple for exp on the 23rd. Would I be foolish to dive into these on Monday?,options,apple,2021-12-19 03:30:38,28,
RTI_0739,366dbda19bef7323,"Companies with pricing power and dividend growth. Hi I have been trying to find companies to add to my dividend portfolio. I am currently looking at companies with pricing power and companies with a dividend increase CAGR above 5 percent in the past 5,10,15 years( annualized). I would prefer companies to have great free cash flow as well. If anyone has Canadian or American stock suggestions I appreciate it.",dividends,american_electric_power,2021-11-25 01:06:01,69,
RTI_0740,d2ac73455bdb18d8,"Apple / $AAPL, the world's most popular stock in the past decade for shares trading and investing, has proven itself time after time! Its gains has held throughout this entire year",wallstreetbets,apple_inc.,2022-11-12 14:58:05,31,
RTI_0741,c43c4f297de3bf47,Berkshire Hathaway 2017 Annual Shareholders Meeting on Apple Podcasts,SecurityAnalysis,apple,2017-05-11 07:32:51,9,
RTI_0742,e58f68def804804e,An Apple a Day Keeps the Doctor Away. More APPL long term goodness. Have another 1400 shares at similar return rate on an IRA account. Put all the money I saved because I got a full ride for my MBA and somehow held for 10+ years.,wallstreetbets,apple_inc.,2024-08-30 16:10:07,46,
RTI_0743,4c741121da427c39,"NAVITAS SEMICONDUCTOR. The collaboration between Navitas Semiconductor and NVIDIA to develop efficient power solutions presents a potentially transformative impact on the company’s revenue narrative. With the emphasis on AI applications and power efficiency, this partnership aligns with the rising demand for advanced technology solutions. The introduction of the 12 kW Power Supply Unit for AI data centers could further boost the company's outlook, enhancing its position in high-demand sectors. Looking at the long-term performance, Navitas Semiconductor's shares have seen a 24.09% return over the past year, reflecting investor optimism despite the company's current profitability challenges.",stocks,align_technology,2025-06-26 14:30:19,95,
RTI_0744,f7c187ae40aa7fec,NYSE Explains Accenture's $.01 Trade,investing,accenture,2010-05-08 10:42:15,5,
RTI_0745,b211c5e273122f7b,Rate My Portfolio please.. Thoughts? 30 year old rebalancing 50k USD portfolio Vti Vanguard Total Stock Market Index Fund ETF 40% VXUS Vanguard Total International Stock Index Fund ETF 20% QQQM Invesco NASDAQ 100 ETF 25% VNQ Vanguard Real Estate Index Fund ETF 10% AIQ Global X Artificial Intelligence & Technology ETF 5%,ETFs,alexandria_real_estate_equities,2023-07-19 11:40:13,53,
RTI_0746,e79e81784ce4e09b,GOOGL call options. What do you all think about GOOGL hitting $160 by 5/30? It was at $165 earlier this week and just got beat up with Apple News and it seems overblown. They are still dominant in Search and have over 52% of digital ads market share. Seems like it has resistance at $165 but at least should make its way to $160-$161. Curious on other’s thoughts on this play.,options,apple,2025-05-10 00:48:04,71,
RTI_0747,69420d8fa0709841,"Should I Still Buy?. So for those that have owned Apple, Disney, and Microsoft you all clearly have seen them go up dramatically this year and i was wondering if right now it still feels like a good time to buy? I know that in the long run even if i were to continue buying when it will eventually recover if i fall into a common situation among traders where the stock only starts to go down after you purchase a new share xD But whats everyone elses 2 cents?",RobinHood,apple,2019-11-30 11:59:51,90,
RTI_0748,de736de4c5cff94f,"Most Anticipated Earnings Releases for the week beginning December 12th, 2022",StockMarket,adobe_inc.,2022-12-10 13:07:12,11,
RTI_0749,83daa681d8a23b82,"Retirement ETFS. Asking for a friend 🤔What would you recommend? Both married couples retired (ages her/61 & him/ 63). Currently invested with a financial advisor and now considering going 'it' on our own with ETFs. Wealth @ 1.3M residing in Two IRAs & Two Roth accounts. Planning on staying with TDAmeritrade accounts, investing within them. Limited to Vanguard and Fidelity ETFs, only investing in US companies, not a fan of bonds, but recognize we need some portion (70/30) somewhat stable what would your recommendation possible look like?",ETFs,3m,2022-04-04 09:36:24,87,
RTI_0750,41985f69122fd2bc,Making stocks Great Again! Could this be a 3 year streak,ETFs,3m,2025-01-23 21:26:00,11,
RTI_0751,4dbfe767d5efa849,I just bought elongated puts AAPL. I would also encourage you to switch to android. Thanks for cumming to my Ted talk,wallstreetbets,apple_inc.,2022-11-29 16:34:17,22,
RTI_0752,1e5a449683bcf738,"High Dividend Stocks, Mutual Funds, or ETF's?. Hey everyone I am looking for some high dividend yield investments to put some money into. I already own some shares of Altria(MO) and I am looking for some investments similar to that. I don't mind risk too much but low volatility is preferable, I'm looking for a dividend yield 5%, I would prefer the stock price to be < $50, and I would prefer P/E to be < 30ish I would really appreciate any good feedback I get thanks!",investing,altria,2014-06-18 22:49:15,87,
RTI_0753,6d93dc6e69c5704b,Halt number 1. I wonden how many we'll get this run....,Superstonk,arch_capital_group,2024-06-03 13:34:14,11,
RTI_0754,9418168185d71ab8,TSLA PUTS & SPY PUTS,wallstreetbets,3m,2025-06-05 23:51:08,5,
RTI_0755,34b8fede40d925bf,Revolut's Robo-Advisor Risk 5/5 Suggests This Portfolio—What Are Your Thoughts?,ETFs,apple_inc.,2024-12-30 18:06:49,10,
RTI_0756,6d9a13a0248441e4,We never left…. Shop fridge. You may recognize one of those stickers… we never left LFG!,Superstonk,american_electric_power,2024-06-03 03:39:10,16,
RTI_0757,10d2027f9410aef9,Mag 7 hit hard,wallstreetbets,alexandria_real_estate_equities,2024-07-11 20:24:03,4,
RTI_0758,5910361e5ba7d4b3,Earnings week of 7/24,options,align_technology,2017-07-22 16:20:43,4,
RTI_0759,59e3147ede76ec92,"My Income Portfolio for 2025. Here is my income portfolio for 2025. I focus on low payout ratios but high yields ( 2%). I also aim for allocation. I am assuming a 65 year old, very aggressive, $1M, owns home, and uncertain economy. I am also assuming a 4.8% burn rate.",dividends,alexandria_real_estate_equities,2024-12-31 13:48:10,51,
RTI_0760,3f0b1d516aa23684,💨 💨 pass,Superstonk,3m,2025-06-16 15:51:53,3,
RTI_0761,b2eed3f548ea7bc2,"Which stock seems more attractive short term? (1 year). Adobe (ADBE) Microsoft (MSFT) American Express (AXP) I already own shares In J.P. Morgan, Facebook and Google",stocks,american_express,2017-10-01 17:30:30,26,
RTI_0762,54d7a508828130d2,"Most anticipated Earnings Releases for the week beginning November 27th, 2017",wallstreetbets,american_express,2017-11-25 13:36:16,11,
RTI_0763,c1ec24f1027f098a,Above $26.50 max pain,Superstonk,3m,2025-05-09 21:35:12,4,
RTI_0764,2b25e82eaf83bdfa,"Based on research from this community, is this how a well-balanced portfolio should look like based on your age?. Since I like healthcare and real estate, I added those ETFs since I believe that there will always be a need for hospitals and housing no matter what happens to the economy. Of course, there isn’t any diversification in bonds or gold but you could always buy those on the side. I also chose IXUS over VXUS for the lower expense ratio. It would also be smarter to buy SPLG over VOO imo.",dividends,alexandria_real_estate_equities,2024-09-14 03:07:43,92,
RTI_0765,c799c19a2d9b575c,"7th birthday of the dividend portfolio 😎. After years of reinvestment and deposits, I reached the amount I set myself at the beginning of the journey - 1k per month I will need more time for my biggest goal, but I like what I achieved in 7 years",dividends,alexandria_real_estate_equities,2024-11-13 13:00:14,48,
RTI_0766,eec642f5e3a1f3e3,Lightning Emotors have worked with AMAZON?????,SPACs,amazon,2020-12-04 19:49:02,6,
RTI_0767,6ff004f0a636ee29,How can I calculate the average share price Apple repurchased its shares?. I am trying to figure out at what price is Apple management buying back shares. For reference: It was cited as being at 97.54 here: How did he compute this? Could someone point me to the specific numbers/lines in the quarterly report that could be used to calculate this? Thank you so so much!,investing,apple_inc.,2016-07-19 04:59:51,66,
RTI_0768,2684f8d87960c0ad,"r/stockmarket Top 24 H Ticker Mentions (Tuesday October 26, 2021). ​ |Ticker|Company| Mentions (24H)| |:-|:-|:-| |TSLA|Tesla Inc|25 |GME|GameStop Corp|14 |S|SentinelOne Inc.|13 |CPI|IQ Real Return ETF|12 |F|Ford Motor Company|9 |E|Eni S.p.A|8 |VTI|Vanguard Index Funds - Vanguard Total Stock Market ETF|7 |AMC|AMC Entertainment Holdings Inc|7 |AI|C3.ai Inc|7 |AAPL|Apple Inc|6 |D|Dominion Energy Inc|6 |T|AT&T Inc|6 |SPY|SPDR S&P 500 ETF Trust|6 |QQQ|Invesco QQQ Trust Series 1|5 |AMD|Advanced Micro Devices Inc|5 |SNDL|Sundial Growers Inc|5 |Y|Alleghany Corporation|4 |FB|Facebook Inc|4 |GM|General Motors Company|4 |IBM|International Business Machines Corporation|4 |DWAC|Digital World Acquisition Corp.|4",StockMarket,advanced_micro_devices,2021-10-26 15:25:20,84,
RTI_0769,715843a27320a4b9,Looking for criticism for my dividend portfolio. Thinking adding AVGO as a growth potential stock that also has a history of raising dividends. I'm 34 and the goal is to grow this portfolio to $75K-100K for retirement. Input/recomendations?,dividends,altria,2025-02-11 18:38:30,38,
RTI_0770,9f46b474a489bec0,"Let me introduce to you the “Deadlift ETF”.. Each of the CEO’s from the list of companies in this particular ETF are workout bunnies, as they each are known to bench heavy weights (hence the name “deadlift”) as part of their weekly health regimen. This hypothetical portfolio has beaten the S&P500 by 40% or has 2.4x’d over the past 4 years. Do you think that this ETF has the longterm potential to become as successful as each its CEO’s? Why or why not? Go!",ETFs,amazon,2024-09-06 16:49:52,84,
RTI_0771,186100bafa12537c,"China: A Look at Growth, the Environment, Real Estate and Education",SecurityAnalysis,alexandria_real_estate_equities,2011-12-23 23:38:03,11,
RTI_0772,67473d4312490242,GME Utilization via Ortex - 73.19%,Superstonk,3m,2025-06-28 02:25:26,6,
RTI_0773,fb3558006ae1e9ec,"25M Getting into dividends. I have 3 different choices from ChatGPT. Are these good or what do you recommend as far as high yield, consistent and aggressive portfolio?",dividends,3m,2025-01-05 21:59:24,28,
RTI_0774,bc582573e4491f2d,Thanks. I’m using Webull. I had 363 Apple share and and as you can see the picture I used 300 share to sell covered call. My question is can I sell the rest of the 63 share which are not tied to any option? Will it cause any problem? Picture for reference.,options,apple,2025-06-15 02:34:09,52,
RTI_0775,3da91151f283f014,Apple Reports Fourth Quarter Results - iPhone Sales Grow 26%,SecurityAnalysis,apple,2013-10-29 04:34:35,10,
RTI_0776,333c99ecd41c9f22,Apple and Goldman Sachs fined over $89 million for misleading Apple Card customers,wallstreetbets,apple,2024-10-24 00:03:47,13,
RTI_0777,b66e8b29912cc05b,Will robinhood ever do fractional shares?. I just switched my small account over to m1 because I like having fractional shares especially for stocks like Amazon where I couldn't get the right percentage in my portfolio otherwise. Does anyone know if Robinhood will ever start doing fractional shares?,RobinHood,amazon,2018-09-16 12:38:36,48,
RTI_0778,20e311a1ba1d1fe0,Weekly Earnings Thread 2/17 - 2/21,wallstreetbets,analog_devices,2025-02-14 15:37:25,6,
RTI_0779,27e2e5b60f8f9f1b,"Warren Cohen and Charlie Cheng… 😉. For member berries lovers, here was one of my old posts:",Superstonk,american_express,2024-05-30 14:34:10,17,
RTI_0780,55ab30fe9e9c6022,WTF happened to Nintendo. I've only been putting money into stocks recently so I've never seen this happen. Any reason as to why it just dropped 12% all at once? I assume someone sold a lot? Idk would love it to be explained to me in dumb man brain terms so I can learn,StockMarket,3m,2024-12-11 22:06:16,54,
RTI_0781,934ebfc29923dbb5,First time into dividends investing. What do you think?. Also have 25k of MSFT RSUs that are vested and not shown here.,dividends,arthur_j._gallagher_&_co.,2024-06-11 19:08:04,22,
RTI_0782,f32c34977944bf09,Germany Right now. Looks like chart puked from Germany right now.....We are Cooking with Rocket fuel,Superstonk,alexandria_real_estate_equities,2024-06-03 06:58:29,16,
RTI_0783,4c91520bc71f5f4d,"Do Financial Services Companies Have Moats? Part II, American Express",SecurityAnalysis,american_express,2014-01-02 18:16:44,10,
RTI_0784,16b935bd797ca170,"Profiting off of Pot: Invest in Big Tobacco?. Since Big Tobacco is the best industry to produce Marajuana in large quantities, and legalization is becoming an increasingly more popular trend across the country, I would love to spur a debate on why/why not to buy stock in Altria Group (MO) and other industry leading firms.",investing,altria,2016-08-08 15:52:30,55,
RTI_0785,a0ea96a3690c28b7,I got a question about the news coming up. I was reading a amazon book on forex and it says consumer price index is high volatility news and I saw on my forex app Swiss forex on June 17 at 1 am there is news says retail price index for gdp they are similar words and it’s defined almost same. Can somebody confirm this for me? Also maybe point out some refit groups on forex to check out and be more social don’t wanna post my questions here if They can be out of ordinary.,Forex,amazon,2020-06-16 03:37:10,95,
RTI_0786,0476abea60e54e65,Just wondering if I need to add something else since I’m new to the stock market.. Thanks.,StockMarket,arthur_j._gallagher_&_co.,2025-01-31 15:57:12,17,
RTI_0787,c8878c895da91223,Most anticipated earnings releases for the week beginning May 1st,options,apa_corporation,2023-04-28 19:20:38,10,
RTI_0788,51cf3c2797b8c303,187.5 puts on AAPL. I grew a pair and finally decided to short apple Good or bad play? I bought some contracts yesterday at the top that expire on 5/24. Hoping to just get a 15% return.,options,apple,2024-05-16 22:01:47,37,
RTI_0789,1cd04a379c5d6d3f,"Difference between returns. Hello can someone explain to me how is it possible that some stocks or ETFs have bigger returns in USD than eur ? For example for last month Berkshire hathaway class B in USD has returns of 4,83% and the same stock in eur has returns of 2,41%.",StockMarket,3m,2024-05-18 15:27:51,51,
RTI_0790,40d4eff4b93a9527,GORO gang ! 🦍,pennystocks,3m,2025-01-15 17:13:18,4,
RTI_0791,d30c25cedb15ec03,"Credit Suisse Securities (USA) Retired from All NSCC Services on 4/30, Assumed by UBS... Potentially Related to Recent Run?",Superstonk,apollo_global_management,2024-05-04 00:42:27,19,
RTI_0792,d41262b9b3b20969,SPGC took off. First post here -- this is my first big turnaround! Kicking myself for not investing more.,pennystocks,3m,2025-01-29 23:57:57,19,
RTI_0793,6313676b94a374fd,"Here’s my portfolio, 13% return after 1 year. What should I improve?. Hello! I’m 21 yo, investing every month into this pie I made. I also buy S&P500 monthly. I achieved around 3-4% higher return on individual stocks compared to S&P. I wanna hold this as long as possible. Apple 15% Microsoft 8% Google C 8% Amazon 5% Coca-Cola 5% Berkshire 5% McDonalds 5% Nvidia 5% Mastercard 4% Procter & Gamble 4% UPS 4% Disney 3% Tesla 3% Realty income 3% Qualcomm 3% AMD 3% AbbVie 3% Cisco 3% Nike 3% Monster beverage 3%",stocks,abbvie,2023-08-09 15:43:38,94,
RTI_0794,7d83fbc68cafe8fa,10/25 Wednesday Stock Market Movers & News,wallstreetbets,amphenol,2017-10-25 12:48:28,7,
RTI_0795,a1134bd84434221e,"CES is tomorrow. Thoughts?. 1968 exhibitors: Keynotes Schedules: Does anyone have some thoughts? It's an extensive list and I honestly don't know what to expect. Some big names I saw are WM, AMD, Accenture, BBY, MSFT and etc.",stocks,accenture,2021-01-11 01:35:14,38,
RTI_0796,e8c4f77f60b21a54,"Apple looking for a run to the upside?. I love to look at charts and analyse the clear patterns forming (I recently posted about the possible NVDA pullback, falling from the ascending wedge). Here we have an ascending triangle forming. This is considered bullish, looking to make a move to the upside with my target price being between $260 and $280. I drew on 2 possible paths I believe the price action could follow.",wallstreetbets,apple_inc.,2024-11-28 15:56:44,74,
RTI_0797,4f8b88d894f3b436,"What are my non IRA investment options?. I'm looking to invest somewhere but I'm pretty dumb when it comes to understanding my options for investment. I have a 401k, an IRA, and small real estate investments, but these keep my cash locked up for long periods of time. I'd like this investment to be liquid for emergencies. Based on some light reading here VOO/VTI seems to be the way to go. Are there any traditional investment platforms that stand out from the rest? All I really know is Vanguard and Fidelity",ETFs,alexandria_real_estate_equities,2024-07-14 15:03:56,91,
RTI_0798,3d25bcef133cd75f,"FedEx to Cut Global Management Jobs by More Than 10%, CEO Says",wallstreetbets,apollo_global_management,2023-02-01 17:53:22,12,
RTI_0799,be484f0670a5999c,F u unh part 2. Made back the loss today,wallstreetbets,3m,2025-07-02 23:19:24,10,
RTI_0800,6ad4b629d6f19854,"Any VNQ leap puts lurker here? I am thinking of Strike price $70. Premium @$2.55 Jan 19th 2024. Price target is $50. Estimated profit is 684% Here we go again with my stupid question. Please support or feel free to clobber me. Since there are a lot of people clobbering me, anyone shorting the real estate? What do you have? Thanks!",options,alexandria_real_estate_equities,2022-08-14 07:28:55,61,
