item_id,text,display_text,subreddit,created_datetime,word_count,annotation_group,label
RTI_0147,When u lose money but it’s ok because you’re holding long term,"Item ID: RTI_0147

When u lose money but it’s ok because you’re holding long term",RobinHood,2017-12-28 23:22:49,12,shared_agreement,
RTI_0224,"Very eager to learn. My cousin advised me to hold these stocks for an extended period, emphasizing the importance of long-term investing. I am eager to maximize the potential of my investments and achieve financial growth. I would appreciate any insights or recommendations you may have regarding additional dividend-paying stocks. I would love to have my money make me more money if y’all know I mean. Thank you for your time and consideration. I look forward to hearing your suggestions.","Item ID: RTI_0224

Very eager to learn. My cousin advised me to hold these stocks for an extended period, emphasizing the importance of long-term investing. I am eager to maximize the potential of my investments and achieve financial growth. I would appreciate any insights or recommendations you may have regarding additional dividend-paying stocks. I would love to have my money make me more money if y’all know I mean. Thank you for your time and consideration. I look forward to hearing your suggestions.",dividends,2025-02-24 02:41:36,80,shared_agreement,
RTI_0618,I’m gonna hodl till it hits -150%,"Item ID: RTI_0618

I’m gonna hodl till it hits -150%",pennystocks,2025-01-16 20:08:36,7,shared_agreement,
RTI_0742,An Apple a Day Keeps the Doctor Away. More APPL long term goodness. Have another 1400 shares at similar return rate on an IRA account. Put all the money I saved because I got a full ride for my MBA and somehow held for 10+ years.,"Item ID: RTI_0742

An Apple a Day Keeps the Doctor Away. More APPL long term goodness. Have another 1400 shares at similar return rate on an IRA account. Put all the money I saved because I got a full ride for my MBA and somehow held for 10+ years.",wallstreetbets,2024-08-30 16:10:07,46,shared_agreement,
RTI_0446,"21 year old’s portfolio. Skipped college atm to build YouTube channels. I intent to hold these longterm and DCA, but I might not be able to add as much money (comparatively) later in life. Backtests show great results but if we get something like the dot com bubble and tech gets destroyed I could get a bit f-ed. I wanna beat the market by a little and adding a bit of 2x seems better strat than cherry picking individual companies. Lmk your opinion/advice.","Item ID: RTI_0446

21 year old’s portfolio. Skipped college atm to build YouTube channels. I intent to hold these longterm and DCA, but I might not be able to add as much money (comparatively) later in life. Backtests show great results but if we get something like the dot com bubble and tech gets destroyed I could get a bit f-ed. I wanna beat the market by a little and adding a bit of 2x seems better strat than cherry picking individual companies. Lmk your opinion/advice.",ETFs,2024-08-08 23:09:35,83,shared_agreement,
RTI_0023,"CRE crisis. Commercial real estate 1 trillion in maturing loans. 20%+ vaccine rates. Unstable smaller banks. March 11 fed fund cut. What yall think. I’m buying puts on CBRE, they are the largest CRE corp.","Item ID: RTI_0023

CRE crisis. Commercial real estate 1 trillion in maturing loans. 20%+ vaccine rates. Unstable smaller banks. March 11 fed fund cut. What yall think. I’m buying puts on CBRE, they are the largest CRE corp.",options,2024-02-29 03:43:20,35,shared_agreement,
RTI_0263,How am I doing for starting 2 months ago?. I’ve sold some shares of CTM and some of OPTT to recoup what I put in both and took a combined profit of $60 on top of it.,"Item ID: RTI_0263

How am I doing for starting 2 months ago?. I’ve sold some shares of CTM and some of OPTT to recoup what I put in both and took a combined profit of $60 on top of it.",pennystocks,2025-01-06 21:49:27,37,shared_agreement,
RTI_0282,"Thank you papa karp. Sold my palantir, but now I feel empty inside.","Item ID: RTI_0282

Thank you papa karp. Sold my palantir, but now I feel empty inside.",wallstreetbets,2025-05-22 22:25:28,13,shared_agreement,
RTI_0340,"Margin and where did my profits go. I was moving to close all margin on robinhood, so I sold an amazon stock at $3,348. I had bought it with margin at 3,194, which leaves me with a profit of $154. I went and turned off margin, when I went to withdraw the $154. My withdrawal cash amount was 0. Where did my $154 go, does it have to settle first? Edit: thanks for the help, I appreciate it!","Item ID: RTI_0340

Margin and where did my profits go. I was moving to close all margin on robinhood, so I sold an amazon stock at $3,348. I had bought it with margin at 3,194, which leaves me with a profit of $154. I went and turned off margin, when I went to withdraw the $154. My withdrawal cash amount was 0. Where did my $154 go, does it have to settle first? Edit: thanks for the help, I appreciate it!",RobinHood,2020-10-16 17:41:13,78,shared_agreement,
RTI_0722,Me selling my first share of $GME…,"Item ID: RTI_0722

Me selling my first share of $GME…",Superstonk,2025-01-27 22:26:57,7,shared_agreement,
RTI_0788,187.5 puts on AAPL. I grew a pair and finally decided to short apple Good or bad play? I bought some contracts yesterday at the top that expire on 5/24. Hoping to just get a 15% return.,"Item ID: RTI_0788

187.5 puts on AAPL. I grew a pair and finally decided to short apple Good or bad play? I bought some contracts yesterday at the top that expire on 5/24. Hoping to just get a 15% return.",options,2024-05-16 22:01:47,37,shared_agreement,
RTI_0067,"May 23 Options Chain. Just for fun, anybody have a call(s) / or put(s) with May 23rd expiration ? That’s my birthday and I want to buy more options. I have call orders pending on Amazon & Nividia but let me know what you’re in! I’m watching for more plays right now. Doesn’t have to be May 23 lol but I’m mostly going long and buying lotto’s. I’ll post my calls if they get filled 👍🏽","Item ID: RTI_0067

May 23 Options Chain. Just for fun, anybody have a call(s) / or put(s) with May 23rd expiration ? That’s my birthday and I want to buy more options. I have call orders pending on Amazon & Nividia but let me know what you’re in! I’m watching for more plays right now. Doesn’t have to be May 23 lol but I’m mostly going long and buying lotto’s. I’ll post my calls if they get filled 👍🏽",options,2025-04-10 14:44:52,76,shared_agreement,
RTI_0335,"ABBV CEO just sold 231,604 shares totaling $22.4 million!. Just saw this news and will be adding to my position tomorrow. Take a look at the chart, all the technicals are pointing to a big drop and the CEO selling his shares should perpetuate the next leg down. I have ABBV put options.","Item ID: RTI_0335

ABBV CEO just sold 231,604 shares totaling $22.4 million!. Just saw this news and will be adding to my position tomorrow. Take a look at the chart, all the technicals are pointing to a big drop and the CEO selling his shares should perpetuate the next leg down. I have ABBV put options.",stocks,2020-11-13 00:22:22,53,shared_agreement,
RTI_0433,Need help.. I’m 17 years old and currently have 20k I have contributed to my stock account (custodial my dad runs but I contribute 100% of the money.) I want to buy a rental property but was thinking maybe just get a bunch of dividend stocks instead that serve the same purpose of “rent” each month? Looking at msty but know it’s not super long term. What dividend stocks could I buy if any to justify holding stocks instead of real estate. TIA!!!,"Item ID: RTI_0433

Need help.. I’m 17 years old and currently have 20k I have contributed to my stock account (custodial my dad runs but I contribute 100% of the money.) I want to buy a rental property but was thinking maybe just get a bunch of dividend stocks instead that serve the same purpose of “rent” each month? Looking at msty but know it’s not super long term. What dividend stocks could I buy if any to justify holding stocks instead of real estate. TIA!!!",dividends,2025-06-10 17:33:38,83,shared_agreement,
RTI_0514,"Quality dividend companies with ex-dividend dates approaching soon.. Here are some I am holding and will be adding to before the upcoming ex-dividend dates here in April: AT&T 4/8, Verizon 4/8, General Mills 4/8, American Tower 4/12, Abbvie 4/14, CVS 4/16, Procter & Gamble 4/18, Clorox 4/20, Realty Income 4/30, Stag Industrial 4/30. Anyone got anymore picks to share that have ex-dates in April? Edit: PG was missing its date.","Item ID: RTI_0514

Quality dividend companies with ex-dividend dates approaching soon.. Here are some I am holding and will be adding to before the upcoming ex-dividend dates here in April: AT&T 4/8, Verizon 4/8, General Mills 4/8, American Tower 4/12, Abbvie 4/14, CVS 4/16, Procter & Gamble 4/18, Clorox 4/20, Realty Income 4/30, Stag Industrial 4/30. Anyone got anymore picks to share that have ex-dates in April? Edit: PG was missing its date.",dividends,2021-04-05 21:55:37,70,shared_agreement,
RTI_0571,"How can you pass up DCA into AAPL?. So, at the 207, how can this ultimately be a bad way to go. Will it really dip well under $200? And if so, then buy more. This will certainly pass, and when it does, how do you justify not buying into this dip? What are some of the other reasons that you would stay away from Apple? They seem to be too smart of a company to not be able to weather this storm. If this is not the time, then when? Thoughts?","Item ID: RTI_0571

How can you pass up DCA into AAPL?. So, at the 207, how can this ultimately be a bad way to go. Will it really dip well under $200? And if so, then buy more. This will certainly pass, and when it does, how do you justify not buying into this dip? What are some of the other reasons that you would stay away from Apple? They seem to be too smart of a company to not be able to weather this storm. If this is not the time, then when? Thoughts?",investing,2025-04-03 13:59:45,92,shared_agreement,
RTI_0629,"Do you think TRET will ever recover? I've been DCAing this ETF like crazy ever since I bought at the top of it and now it's uncertain weather PROLOGIS , Public Storage Reit, Simon Property, Realty Income, and it's other constituents will ever grow back to where it was. What do you think? 🤔😕","Item ID: RTI_0629

Do you think TRET will ever recover? I've been DCAing this ETF like crazy ever since I bought at the top of it and now it's uncertain weather PROLOGIS , Public Storage Reit, Simon Property, Realty Income, and it's other constituents will ever grow back to where it was. What do you think? 🤔😕",StockMarket,2023-10-04 15:53:33,54,shared_agreement,
RTI_0697,"Which Healthcare ETF?. Hi, I am looking to invest 10% of my portfolio in Healthcare. Most of my portfolio is in VT. For my healthcare exposure, I have looked at IDNA, HEAL and WHCS. All 3 ETF's are run by iShares. IDNA HEAL WHCS I am deliberately staying away from ARKG as it is actively managed. Also, I need global healthcare exposure so VHT has also been ruled out. Please let me know if you hold any of these (HEAL, WHCS, IDNA) and if you think these are strong healthcare bets.","Item ID: RTI_0697

Which Healthcare ETF?. Hi, I am looking to invest 10% of my portfolio in Healthcare. Most of my portfolio is in VT. For my healthcare exposure, I have looked at IDNA, HEAL and WHCS. All 3 ETF's are run by iShares. IDNA HEAL WHCS I am deliberately staying away from ARKG as it is actively managed. Also, I need global healthcare exposure so VHT has also been ruled out. Please let me know if you hold any of these (HEAL, WHCS, IDNA) and if you think these are strong healthcare bets.",ETFs,2020-08-27 09:34:38,91,shared_agreement,
RTI_0726,"I want to buy more $gme, but Charles won’t let me. Anyone else having this problem? I want my dip 🍌","Item ID: RTI_0726

I want to buy more $gme, but Charles won’t let me. Anyone else having this problem? I want my dip 🍌",Superstonk,2024-06-11 14:10:43,21,shared_agreement,
RTI_0733,"Question about option spreads.. Question about spreads. Amazon was trading down today, and I feel bullish on Amazon, so I entered into a bullish debit spread and also a bullish credit spread. The options I bought are as follows: Buy 2995c / Sell 3000c Sell 2980p / Buy 2975p I did these on RobinHood, and I bought all the options in one trade. Instantly after the trade went through, my account shows a loss of $500, even though the price of Amazon stock hasn’t change at all. Why does RH show this $500 loss? Where did the $500 go? Thanks.","Item ID: RTI_0733

Question about option spreads.. Question about spreads. Amazon was trading down today, and I feel bullish on Amazon, so I entered into a bullish debit spread and also a bullish credit spread. The options I bought are as follows: Buy 2995c / Sell 3000c Sell 2980p / Buy 2975p I did these on RobinHood, and I bought all the options in one trade. Instantly after the trade went through, my account shows a loss of $500, even though the price of Amazon stock hasn’t change at all. Why does RH show this $500 loss? Where did the $500 go? Thanks.",RobinHood,2020-07-23 18:34:14,100,shared_agreement,
RTI_0791,"Credit Suisse Securities (USA) Retired from All NSCC Services on 4/30, Assumed by UBS... Potentially Related to Recent Run?","Item ID: RTI_0791

Credit Suisse Securities (USA) Retired from All NSCC Services on 4/30, Assumed by UBS... Potentially Related to Recent Run?",Superstonk,2024-05-04 00:42:27,19,shared_agreement,
RTI_0551,Playing puts for Disney ER. Bought 20 $107 strike puts for Disney ER next week. My hypothesis is: 1. Their streaming content is still meh and a fraction of Netflix. Most subscribers sub and cancel after finishing the titles they want to see. 2. The LA fires fucked up the real estate market in the LA area since a ton of displaced people need places to stay. There will be less AirBNB inventory and higher prices all around for vacation rentals and hotels due to the fires. This will impact their Disneyland park attendances. Discuss.,"Item ID: RTI_0551

Playing puts for Disney ER. Bought 20 $107 strike puts for Disney ER next week. My hypothesis is: 1. Their streaming content is still meh and a fraction of Netflix. Most subscribers sub and cancel after finishing the titles they want to see. 2. The LA fires fucked up the real estate market in the LA area since a ton of displaced people need places to stay. There will be less AirBNB inventory and higher prices all around for vacation rentals and hotels due to the fires. This will impact their Disneyland park attendances. Discuss.",wallstreetbets,2025-01-31 17:21:31,95,shared_agreement,
RTI_0795,"CES is tomorrow. Thoughts?. 1968 exhibitors: Keynotes Schedules: Does anyone have some thoughts? It's an extensive list and I honestly don't know what to expect. Some big names I saw are WM, AMD, Accenture, BBY, MSFT and etc.","Item ID: RTI_0795

CES is tomorrow. Thoughts?. 1968 exhibitors: Keynotes Schedules: Does anyone have some thoughts? It's an extensive list and I honestly don't know what to expect. Some big names I saw are WM, AMD, Accenture, BBY, MSFT and etc.",stocks,2021-01-11 01:35:14,38,shared_agreement,
RTI_0699,"At what point should i consider exercising options? Deep ITM gains. First time having such deep ITM options, at what point should i just let it be exercised instead? Only been buying/selling options so far","Item ID: RTI_0699

At what point should i consider exercising options? Deep ITM gains. First time having such deep ITM options, at what point should i just let it be exercised instead? Only been buying/selling options so far",wallstreetbets,2025-06-11 00:35:58,35,shared_agreement,
RTI_0532,Could Apple be planning to partner with NPA to forward its plans for connectivity direct to handset?,"Item ID: RTI_0532

Could Apple be planning to partner with NPA to forward its plans for connectivity direct to handset?",SPACs,2021-01-05 12:14:48,17,shared_agreement,
RTI_0170,3M MMM. How low will it go? Are you buying 3M now or waiting for certain price? Will 3M get up to $200 in 2020?,"Item ID: RTI_0170

3M MMM. How low will it go? Are you buying 3M now or waiting for certain price? Will 3M get up to $200 in 2020?",stocks,2019-10-03 15:04:10,25,shared_agreement,
RTI_0410,why prices are different between Apple's annual report and Nasdaq?,"Item ID: RTI_0410

why prices are different between Apple's annual report and Nasdaq?",RobinHood,2022-11-13 02:30:31,10,shared_agreement,
RTI_0676,I'm in disbelief !!!. I entered the trade on AUDNZD last night around 7pm there I live in Zimbabwe I'm using Goat Funded Traded prop firm I looked at the tradingview and I was like yeah I'm winning but to look at my mt5 damn I was in disbelief. Is it slippage during market closes or something !!!,"Item ID: RTI_0676

I'm in disbelief !!!. I entered the trade on AUDNZD last night around 7pm there I live in Zimbabwe I'm using Goat Funded Traded prop firm I looked at the tradingview and I was like yeah I'm winning but to look at my mt5 damn I was in disbelief. Is it slippage during market closes or something !!!",Forex,2025-06-12 05:04:58,58,shared_agreement,
RTI_0717,"Ackman (PSTH) just shot his shot on Airbnb, doesn't look like it worked. Turns out mature unicorns are hard to come by. A headline just crossing: ""Airbnb Is Said to Have Rebuffed Approach From Ackman SPAC""","Item ID: RTI_0717

Ackman (PSTH) just shot his shot on Airbnb, doesn't look like it worked. Turns out mature unicorns are hard to come by. A headline just crossing: ""Airbnb Is Said to Have Rebuffed Approach From Ackman SPAC""",SPACs,2020-09-02 16:10:48,36,shared_agreement,
RTI_0228,"ETF?. Is there anywhere for me to see previous holdings of S&P or QQQ??? I’m looking for a weekly closing statement database for the last 5 years! Ex: Appl 2,000,000 shares 5.3%","Item ID: RTI_0228

ETF?. Is there anywhere for me to see previous holdings of S&P or QQQ??? I’m looking for a weekly closing statement database for the last 5 years! Ex: Appl 2,000,000 shares 5.3%",algotrading,2021-08-04 21:12:59,32,shared_agreement,
RTI_0127,"Literally all of biotech has returned to its 2000-2005 BATTLEGROUND status. what the fuck guys. they're selling everything. I think the industry is going to consolidate if there is any political confirmation of pricing change. Who buys who? Aside from AMDA & ATEC of course.. I'm thinking Intercept gets bought. Abbvie merges with another big-dick-biotech to become a superpower. Valeant I don't even know any more... WTF. Eli Lilly & Co at 77s?! Are you kiddin me? BLUE whipsaws, BMRN, CELG whipsaw. CRAZY","Item ID: RTI_0127

Literally all of biotech has returned to its 2000-2005 BATTLEGROUND status. what the fuck guys. they're selling everything. I think the industry is going to consolidate if there is any political confirmation of pricing change. Who buys who? Aside from AMDA & ATEC of course.. I'm thinking Intercept gets bought. Abbvie merges with another big-dick-biotech to become a superpower. Valeant I don't even know any more... WTF. Eli Lilly & Co at 77s?! Are you kiddin me? BLUE whipsaws, BMRN, CELG whipsaw. CRAZY",wallstreetbets,2015-10-22 01:28:26,83,shared_agreement,
RTI_0444,Adobe Inc... Buy in the next recession. With strong financial statements and its integral position in technology and creativity Adobe has only innovated itself as well as its intrinsic value and would be worth buying on sale.,"Item ID: RTI_0444

Adobe Inc... Buy in the next recession. With strong financial statements and its integral position in technology and creativity Adobe has only innovated itself as well as its intrinsic value and would be worth buying on sale.",ValueInvesting,2019-03-24 17:03:18,37,shared_agreement,
RTI_0743,"NAVITAS SEMICONDUCTOR. The collaboration between Navitas Semiconductor and NVIDIA to develop efficient power solutions presents a potentially transformative impact on the company’s revenue narrative. With the emphasis on AI applications and power efficiency, this partnership aligns with the rising demand for advanced technology solutions. The introduction of the 12 kW Power Supply Unit for AI data centers could further boost the company's outlook, enhancing its position in high-demand sectors. Looking at the long-term performance, Navitas Semiconductor's shares have seen a 24.09% return over the past year, reflecting investor optimism despite the company's current profitability challenges.","Item ID: RTI_0743

NAVITAS SEMICONDUCTOR. The collaboration between Navitas Semiconductor and NVIDIA to develop efficient power solutions presents a potentially transformative impact on the company’s revenue narrative. With the emphasis on AI applications and power efficiency, this partnership aligns with the rising demand for advanced technology solutions. The introduction of the 12 kW Power Supply Unit for AI data centers could further boost the company's outlook, enhancing its position in high-demand sectors. Looking at the long-term performance, Navitas Semiconductor's shares have seen a 24.09% return over the past year, reflecting investor optimism despite the company's current profitability challenges.",stocks,2025-06-26 14:30:19,95,shared_agreement,
RTI_0043,Last minute SPY amazon earning got burnt. Lost almost 16k in less than 10mins fuck going to be worst day at work ever!!,"Item ID: RTI_0043

Last minute SPY amazon earning got burnt. Lost almost 16k in less than 10mins fuck going to be worst day at work ever!!",wallstreetbets,2025-02-06 21:53:44,23,shared_agreement,
RTI_0461,How much do we think $AMD will benefit from new iMacs?. And will it be sustained growth?,"Item ID: RTI_0461

How much do we think $AMD will benefit from new iMacs?. And will it be sustained growth?",RobinHood,2017-06-06 20:11:04,17,shared_agreement,
RTI_0481,"Realty Income, have the rate cuts already been priced in?","Item ID: RTI_0481

Realty Income, have the rate cuts already been priced in?",dividends,2024-08-26 13:29:13,10,shared_agreement,
RTI_0579,"Beginer portfolio. I just started investing. I use almost my entire salary. But still small amounts come out, even though I receive the average salary in the country(Ukraine). My salary 386 dollars. I invest 260 dollars. I understand that these are ridiculous numbers for this thread. But I’m 22 and if by 40 I reach 200-300 dollars a month, I’ll be overjoyed. I have plans to raise the positions of apple to 10 and Coca-Cola to 12 by the end of the year. Any ideas on how to improve my portfolio?","Item ID: RTI_0579

Beginer portfolio. I just started investing. I use almost my entire salary. But still small amounts come out, even though I receive the average salary in the country(Ukraine). My salary 386 dollars. I invest 260 dollars. I understand that these are ridiculous numbers for this thread. But I’m 22 and if by 40 I reach 200-300 dollars a month, I’ll be overjoyed. I have plans to raise the positions of apple to 10 and Coca-Cola to 12 by the end of the year. Any ideas on how to improve my portfolio?",dividends,2024-03-17 16:55:51,91,shared_agreement,
RTI_0776,Apple and Goldman Sachs fined over $89 million for misleading Apple Card customers,"Item ID: RTI_0776

Apple and Goldman Sachs fined over $89 million for misleading Apple Card customers",wallstreetbets,2024-10-24 00:03:47,13,shared_agreement,
RTI_0329,where too invest $100k in VTSAX?. I have 100k I want to throw on VTSAX and make monthly contributions of $1500 forever. I also want this money to be readily available without penalty as I'm a real estate investor and deals come out of nowhere. I have a Schwab brokerage account I have about $20k in other single equities invested. What type of account is best for me to start this 100k off in. My goal is to get it to $3mil by 55 YO. Im 32 now. ROTH or regular IRA? Standard brokerage account? Whats the best route?,"Item ID: RTI_0329

where too invest $100k in VTSAX?. I have 100k I want to throw on VTSAX and make monthly contributions of $1500 forever. I also want this money to be readily available without penalty as I'm a real estate investor and deals come out of nowhere. I have a Schwab brokerage account I have about $20k in other single equities invested. What type of account is best for me to start this 100k off in. My goal is to get it to $3mil by 55 YO. Im 32 now. ROTH or regular IRA? Standard brokerage account? Whats the best route?",investing,2024-10-13 16:57:50,99,shared_agreement,
RTI_0593,"Tobacco Companies. Specifically Altria Group, which will be releasing its brand of e-cigarettes in the second half of 2013. E-cigarettes seem to be all over the place now. (And the 5% dividend yield is always sweet.) Thoughts?","Item ID: RTI_0593

Tobacco Companies. Specifically Altria Group, which will be releasing its brand of e-cigarettes in the second half of 2013. E-cigarettes seem to be all over the place now. (And the 5% dividend yield is always sweet.) Thoughts?",investing,2013-05-28 21:13:15,37,shared_agreement,
RTI_0191,"Grasping at straws …. A sudden upward spike in the Dow this morning (Monday April 07, ‘25). Apparently triggered when ‘someone’ said (wrongly) that there is going to be a “pause” in tariffs. Lasted several minutes - until everyone realized that that ‘someone’ was nowhere to be found.","Item ID: RTI_0191

Grasping at straws …. A sudden upward spike in the Dow this morning (Monday April 07, ‘25). Apparently triggered when ‘someone’ said (wrongly) that there is going to be a “pause” in tariffs. Lasted several minutes - until everyone realized that that ‘someone’ was nowhere to be found.",StockMarket,2025-04-08 05:08:31,48,shared_agreement,
RTI_0334,Using Robinhood Gold for dividend stocks?. Im thinking of getting robinhood gold and using the $1000 additional buying power to buy dividend stocks. What is the negative side of this plan? I found several stocks have have good dividends that cover the monthly fee and than some. Example you invest $1000 in APPL. The dividend would pay $800 the cost is $72 Edit APPL is a bad example. What stock would this work for?,"Item ID: RTI_0334

Using Robinhood Gold for dividend stocks?. Im thinking of getting robinhood gold and using the $1000 additional buying power to buy dividend stocks. What is the negative side of this plan? I found several stocks have have good dividends that cover the monthly fee and than some. Example you invest $1000 in APPL. The dividend would pay $800 the cost is $72 Edit APPL is a bad example. What stock would this work for?",RobinHood,2018-03-13 22:43:52,74,shared_agreement,
RTI_0392,"Thoughts on STWD V.S. FSK?. I've been doing some research into Starwood and FS KKR CAPITAL CORP, and am trying to decide which one is better to own between the two. I thought I would come here to get thoughts from others in the group.","Item ID: RTI_0392

Thoughts on STWD V.S. FSK?. I've been doing some research into Starwood and FS KKR CAPITAL CORP, and am trying to decide which one is better to own between the two. I thought I would come here to get thoughts from others in the group.",dividends,2023-11-14 20:02:08,45,shared_agreement,
RTI_0134,"Apple to add AI Search to Safari web browser in response to Google. Apple Inc. is “actively looking at” reshaping the Safari web browser on its devices to focus on AI-powered search engines in light of the potential collapse of its Google deal and broader industry shifts. Eddy Cue, Apple’s senior vice president of services, made the disclosure Wednesday during his testimony in the US Justice Department’s lawsuit against Alphabet Inc. The heart of the dispute is Apple and Google’s estimated $20 billion-a-year deal that makes Google the default offering for queries in Apple’s included browser.","Item ID: RTI_0134

Apple to add AI Search to Safari web browser in response to Google. Apple Inc. is “actively looking at” reshaping the Safari web browser on its devices to focus on AI-powered search engines in light of the potential collapse of its Google deal and broader industry shifts. Eddy Cue, Apple’s senior vice president of services, made the disclosure Wednesday during his testimony in the US Justice Department’s lawsuit against Alphabet Inc. The heart of the dispute is Apple and Google’s estimated $20 billion-a-year deal that makes Google the default offering for queries in Apple’s included browser.",wallstreetbets,2025-05-07 15:49:09,96,shared_agreement,
RTI_0477,"Aurora. Can someone that knows what they’re doing explain why Aurora stock is not higher? Amazon has 5% of the company, they are partnered with big names like Uber and Toyota, they just had a big deal with Uber freight through 2030. I know they haven’t turned a profit yet, but they are well funded and making great progress to having autonomous software for vehicles and already have trucks on the road. $2.7 per share seems way low. And their CEO is one of the pioneers for autonomous driving.","Item ID: RTI_0477

Aurora. Can someone that knows what they’re doing explain why Aurora stock is not higher? Amazon has 5% of the company, they are partnered with big names like Uber and Toyota, they just had a big deal with Uber freight through 2030. I know they haven’t turned a profit yet, but they are well funded and making great progress to having autonomous software for vehicles and already have trucks on the road. $2.7 per share seems way low. And their CEO is one of the pioneers for autonomous driving.",wallstreetbets,2024-06-28 14:37:35,89,shared_agreement,
RTI_0007,"AbbVie raises dividend by 10%. From seeking alpha news... - AbbVie declares $1.30/share quarterly dividend, 10.2% increase from prior dividend of $1.18. - Forward yield 6.45% - Payable Feb. 16; for shareholders of record Jan. 15; ex-div Jan. 14. Been picking up more AbbVie recently, started my position when it was close to its high and have been averaging down these last couple of weeks. A 10% increase is great, I hope that they are confident they will be able to maintain this and continue to increase given their patent expiry which is coming in the next couple of years.","Item ID: RTI_0007

AbbVie raises dividend by 10%. From seeking alpha news... - AbbVie declares $1.30/share quarterly dividend, 10.2% increase from prior dividend of $1.18. - Forward yield 6.45% - Payable Feb. 16; for shareholders of record Jan. 15; ex-div Jan. 14. Been picking up more AbbVie recently, started my position when it was close to its high and have been averaging down these last couple of weeks. A 10% increase is great, I hope that they are confident they will be able to maintain this and continue to increase given their patent expiry which is coming in the next couple of years.",dividends,2020-10-30 12:00:50,100,shared_agreement,
RTI_0521,"Anyone know what's going on with AMZN ?. I like Amazon, their business model, market placement, etc. I put half my portfolio in there, looking at the ""strong upside numbers"". So far, it's been a dog, even after Bezos learned to play nice with Musk. Anybody got some insight on why they're $193.89 instead of $248 right now?","Item ID: RTI_0521

Anyone know what's going on with AMZN ?. I like Amazon, their business model, market placement, etc. I put half my portfolio in there, looking at the ""strong upside numbers"". So far, it's been a dog, even after Bezos learned to play nice with Musk. Anybody got some insight on why they're $193.89 instead of $248 right now?",investing,2025-03-20 18:36:12,58,shared_agreement,
RTI_0647,"World Travel and Tourism ETF’s. Hi, Does anybody know of any Travel and Tourism ETF’s? airlines, hotel companies, cruises and travel tech like: airbnb, booking holdings, TripAdvisor and Expedia I’m struggling to find any. There’s a STOXX600 but of course it’s only for Europe and they have too many gambling positions. I’m looking to rebalance and plan my portfolio for next year and I think it could do well next year. Cheers guys!","Item ID: RTI_0647

World Travel and Tourism ETF’s. Hi, Does anybody know of any Travel and Tourism ETF’s? airlines, hotel companies, cruises and travel tech like: airbnb, booking holdings, TripAdvisor and Expedia I’m struggling to find any. There’s a STOXX600 but of course it’s only for Europe and they have too many gambling positions. I’m looking to rebalance and plan my portfolio for next year and I think it could do well next year. Cheers guys!",ETFs,2021-11-20 17:54:05,73,shared_agreement,
RTI_0289,"Can someone understand LEAPs better?. Is it better to be ITM, ATM, or OTM? I usually buy 3 years out, when is the best time to sell? I’m usually in $QQQ or $SPY or $APPL or $GOOG What is the best Strat for most money for least risk?","Item ID: RTI_0289

Can someone understand LEAPs better?. Is it better to be ITM, ATM, or OTM? I usually buy 3 years out, when is the best time to sell? I’m usually in $QQQ or $SPY or $APPL or $GOOG What is the best Strat for most money for least risk?",options,2025-05-11 16:40:30,48,shared_agreement,
RTI_0163,"brk is 30% of apple stock.. now apple PE is 34 and BRK’s PE is 14.5 What does this mean? Does it mean I am paying 34+14.5 times the earnings for Apple stock?. Or does it mean I am paying 14.5 times apple earnings if I buy BRK? Does this mean, if BRK is earning 100$ from it’s holdings ( respectively their holdings %), I am paying 14.5 times of it? Doesn’t this mean BRK is too cheap to buy? Compared to many large companies considering it’s rock solid steady performance? Quite immature question but just w","Item ID: RTI_0163

brk is 30% of apple stock.. now apple PE is 34 and BRK’s PE is 14.5 What does this mean? Does it mean I am paying 34+14.5 times the earnings for Apple stock?. Or does it mean I am paying 14.5 times apple earnings if I buy BRK? Does this mean, if BRK is earning 100$ from it’s holdings ( respectively their holdings %), I am paying 14.5 times of it? Doesn’t this mean BRK is too cheap to buy? Compared to many large companies considering it’s rock solid steady performance? Quite immature question but just w",investing,2024-08-28 19:24:43,97,shared_agreement,
RTI_0212,Convince me why I shouldn’t full port my account to SNOW leaps. Looking at Jan 17/25 150C mainly,"Item ID: RTI_0212

Convince me why I shouldn’t full port my account to SNOW leaps. Looking at Jan 17/25 150C mainly",wallstreetbets,2024-06-29 14:09:11,18,distributed,
RTI_0622,JEPQ question. What are the Ndx 6 7 8 9 in these holdings? How do I find more about it?,"Item ID: RTI_0622

JEPQ question. What are the Ndx 6 7 8 9 in these holdings? How do I find more about it?",dividends,2023-08-15 18:08:16,20,distributed,
RTI_0024,This has been a grind.. Even a squirrel finds a nut eventually 🙂‍↕️,"Item ID: RTI_0024

This has been a grind.. Even a squirrel finds a nut eventually 🙂‍↕️",wallstreetbets,2025-06-07 19:32:32,13,distributed,
RTI_0186,"Should I change my investment mix?. I currently have about $35k in an HYSA @4.1% About 21k in investments, about $7k of which is ETFs, rest are crypto($5k) and individual stocks. Some like META, JPM, APPL etc and some terrible penny stock picks. I think I should restart investing in VTI, but probably wait a couple months for market correction? Also, I have about $282k mortgage (7%) should I instead dump my savings towards my mortgage ? I do have some money set aside in checkings in the meantime Edit - M 27, 7% mortgage rate","Item ID: RTI_0186

Should I change my investment mix?. I currently have about $35k in an HYSA @4.1% About 21k in investments, about $7k of which is ETFs, rest are crypto($5k) and individual stocks. Some like META, JPM, APPL etc and some terrible penny stock picks. I think I should restart investing in VTI, but probably wait a couple months for market correction? Also, I have about $282k mortgage (7%) should I instead dump my savings towards my mortgage ? I do have some money set aside in checkings in the meantime Edit - M 27, 7% mortgage rate",investing,2024-11-19 05:07:52,96,distributed,
RTI_0029,Thank you XTIA. It was a good run but unless this company makes a running prototype I see a reverse split or delisting in the future. Idk why I bought it… I liked the stock. Now I like IMUX for a long term potential bag. For all the XTIA holders I wish you the best and have fun!,"Item ID: RTI_0029

Thank you XTIA. It was a good run but unless this company makes a running prototype I see a reverse split or delisting in the future. Idk why I bought it… I liked the stock. Now I like IMUX for a long term potential bag. For all the XTIA holders I wish you the best and have fun!",pennystocks,2025-01-07 16:37:22,58,distributed,
RTI_0318,Advice on break and retest and trendline support and resistance. I'm a break and retest and sometimes trade trendline support and resistance I short when it hits resistance just like in the image above and the opposite vice versa but this year my strategy isn’t working the market isn’t respecting support or resistance and isn’t giving a retest when breaking out of a trendline at all can anyone explain why The market is just moving randomly and choppy not like it used it to in the image above,"Item ID: RTI_0318

Advice on break and retest and trendline support and resistance. I'm a break and retest and sometimes trade trendline support and resistance I short when it hits resistance just like in the image above and the opposite vice versa but this year my strategy isn’t working the market isn’t respecting support or resistance and isn’t giving a retest when breaking out of a trendline at all can anyone explain why The market is just moving randomly and choppy not like it used it to in the image above",Forex,2024-09-22 21:49:48,88,distributed,
RTI_0704,"Trump’s approval rating on the economy drops to lowest of his presidential career, CNBC Survey finds. I found this chilling: Meanwhile, Americans have turned more negative on the stock market than they’ve been in two years. Some 53% say it’s a bad time to invest, with just 38% saying it’s a good time. The numbers represent a sharp turnaround from the stock market optimism that greeted the president’s election. In fact, the December survey represented the sharpest swing toward market optimism in the survey’s 17-year history and the April survey is the sharpest turn towards pessimism.","Item ID: RTI_0704

Trump’s approval rating on the economy drops to lowest of his presidential career, CNBC Survey finds. I found this chilling: Meanwhile, Americans have turned more negative on the stock market than they’ve been in two years. Some 53% say it’s a bad time to invest, with just 38% saying it’s a good time. The numbers represent a sharp turnaround from the stock market optimism that greeted the president’s election. In fact, the December survey represented the sharpest swing toward market optimism in the survey’s 17-year history and the April survey is the sharpest turn towards pessimism.",stocks,2025-04-21 10:44:23,96,distributed,
RTI_0620,"AbbVie jumping as Allergan Deal Closes. Following the latest results, AbbVie's ten analysts are now forecasting revenues of US$39.7b in 2020. This would be a solid 16% improvement in sales compared to the last 12 months. Additionally, with its mega-merger with Allergan finally in the books, AbbVie is officially a colossus with a bustling drug portfolio and a few strategic hurdles in its immediate future.","Item ID: RTI_0620

AbbVie jumping as Allergan Deal Closes. Following the latest results, AbbVie's ten analysts are now forecasting revenues of US$39.7b in 2020. This would be a solid 16% improvement in sales compared to the last 12 months. Additionally, with its mega-merger with Allergan finally in the books, AbbVie is officially a colossus with a bustling drug portfolio and a few strategic hurdles in its immediate future.",investing,2020-05-13 02:05:43,65,distributed,
RTI_0752,"High Dividend Stocks, Mutual Funds, or ETF's?. Hey everyone I am looking for some high dividend yield investments to put some money into. I already own some shares of Altria(MO) and I am looking for some investments similar to that. I don't mind risk too much but low volatility is preferable, I'm looking for a dividend yield 5%, I would prefer the stock price to be < $50, and I would prefer P/E to be < 30ish I would really appreciate any good feedback I get thanks!","Item ID: RTI_0752

High Dividend Stocks, Mutual Funds, or ETF's?. Hey everyone I am looking for some high dividend yield investments to put some money into. I already own some shares of Altria(MO) and I am looking for some investments similar to that. I don't mind risk too much but low volatility is preferable, I'm looking for a dividend yield 5%, I would prefer the stock price to be < $50, and I would prefer P/E to be < 30ish I would really appreciate any good feedback I get thanks!",investing,2014-06-18 22:49:15,87,distributed,
RTI_0632,"Green times ahead. The present beware, the future beware; he’s coming, he’s coming, he’s coming.","Item ID: RTI_0632

Green times ahead. The present beware, the future beware; he’s coming, he’s coming, he’s coming.",Superstonk,2025-03-27 23:41:13,15,distributed,
RTI_0480,Airbnb Reports $4.6B Loss in 2020 Earnings,"Item ID: RTI_0480

Airbnb Reports $4.6B Loss in 2020 Earnings",StockMarket,2021-02-25 22:46:54,7,distributed,
RTI_0352,Altria's Investment History: It's Better Than You Think,"Item ID: RTI_0352

Altria's Investment History: It's Better Than You Think",ValueInvesting,2023-03-05 20:51:16,8,distributed,
RTI_0316,Ideas and suggestions are well appreciated 😊. I been thinking of selling everything and just invest everything into VOO and SCHD.,"Item ID: RTI_0316

Ideas and suggestions are well appreciated 😊. I been thinking of selling everything and just invest everything into VOO and SCHD.",dividends,2024-03-02 22:50:52,21,distributed,
RTI_0746,GOOGL call options. What do you all think about GOOGL hitting $160 by 5/30? It was at $165 earlier this week and just got beat up with Apple News and it seems overblown. They are still dominant in Search and have over 52% of digital ads market share. Seems like it has resistance at $165 but at least should make its way to $160-$161. Curious on other’s thoughts on this play.,"Item ID: RTI_0746

GOOGL call options. What do you all think about GOOGL hitting $160 by 5/30? It was at $165 earlier this week and just got beat up with Apple News and it seems overblown. They are still dominant in Search and have over 52% of digital ads market share. Seems like it has resistance at $165 but at least should make its way to $160-$161. Curious on other’s thoughts on this play.",options,2025-05-10 00:48:04,71,distributed,
RTI_0325,My first few cents of dividends.,"Item ID: RTI_0325

My first few cents of dividends.",dividends,2023-10-18 22:46:13,6,distributed,
RTI_0336,"Howard Marks on Strategy, Europe & Real Estate [14min]","Item ID: RTI_0336

Howard Marks on Strategy, Europe & Real Estate [14min]",SecurityAnalysis,2012-07-13 18:02:19,9,distributed,
RTI_0610,IPOB - Invest in Amazon for Houses alongside Cathie Wood before its too late.,"Item ID: RTI_0610

IPOB - Invest in Amazon for Houses alongside Cathie Wood before its too late.",SPACs,2020-12-16 15:46:25,14,distributed,
RTI_0136,"“The Lockbit ransomware group announced that it had breached the systems of Federal Reserve of the United States and exfiltrated 33 TB of sensitive data, including ‘Americans’ banking secrets.’” I would guess some of these ‘secrets’ have to do with GME, but that is purely speculative.","Item ID: RTI_0136

“The Lockbit ransomware group announced that it had breached the systems of Federal Reserve of the United States and exfiltrated 33 TB of sensitive data, including ‘Americans’ banking secrets.’” I would guess some of these ‘secrets’ have to do with GME, but that is purely speculative.",Superstonk,2024-06-24 13:55:02,46,distributed,
RTI_0211,"Any plays on V/MA/AMZN earnings?. Rumor is that Visa, Mastercard and Amazon have had an amazing 4th quarter. Maybe worth buying some debit spreads on earnings? 1/27 Pre-market - MA 1/28 - V 1/28 AH - AMZN","Item ID: RTI_0211

Any plays on V/MA/AMZN earnings?. Rumor is that Visa, Mastercard and Amazon have had an amazing 4th quarter. Maybe worth buying some debit spreads on earnings? 1/27 Pre-market - MA 1/28 - V 1/28 AH - AMZN",options,2021-01-12 22:43:13,37,distributed,
RTI_0578,"Someone Bought An Apartment To Rent Out On Airbnb (xpost from /r/Entrepreneur). Blog post: Original post: This seemed very interessting to me and I started calculating how much it would cost in my area and how much I could make. For the last part I used . It calculates the average income of hosts in the same are over the last 90 days (so this includes the summer). Unfortunatly, the income was only 1/3 of the cost. So I would be bleeding money.","Item ID: RTI_0578

Someone Bought An Apartment To Rent Out On Airbnb (xpost from /r/Entrepreneur). Blog post: Original post: This seemed very interessting to me and I started calculating how much it would cost in my area and how much I could make. For the last part I used . It calculates the average income of hosts in the same are over the last 90 days (so this includes the summer). Unfortunatly, the income was only 1/3 of the cost. So I would be bleeding money.",investing,2013-11-05 10:48:34,83,distributed,
RTI_0598,Applied Materials or Qualcomm?. I think the semiconductors pull back is overblown and am thinking of buying the dip. Do you prefer $AMAT or $QCOM for a 2-3 year time frame?,"Item ID: RTI_0598

Applied Materials or Qualcomm?. I think the semiconductors pull back is overblown and am thinking of buying the dip. Do you prefer $AMAT or $QCOM for a 2-3 year time frame?",investing,2018-09-14 17:53:15,31,distributed,
RTI_0665,"Altria: Q1 2023 Analysis, ABI stake Math + State of the U.S. Nicotine Market","Item ID: RTI_0665

Altria: Q1 2023 Analysis, ABI stake Math + State of the U.S. Nicotine Market",ValueInvesting,2023-04-30 11:49:07,14,distributed,
RTI_0303,BRO WHAT IS HAPPENING. These dips have me really scared. Just bought the in the NVIDIA dips and praying it shoots up so I can sell,"Item ID: RTI_0303

BRO WHAT IS HAPPENING. These dips have me really scared. Just bought the in the NVIDIA dips and praying it shoots up so I can sell",StockMarket,2024-08-05 05:19:07,26,distributed,
RTI_0304,"iOS update fixed Apple Watch app. Updated to the newest version of RH, and it automatically updated on my AW also. And then, boomshakalaka! I'm trading from my watch! Good vibes!","Item ID: RTI_0304

iOS update fixed Apple Watch app. Updated to the newest version of RH, and it automatically updated on my AW also. And then, boomshakalaka! I'm trading from my watch! Good vibes!",RobinHood,2017-04-26 01:38:04,31,distributed,
RTI_0068,Not the most degen shit you’ll see. Went full tilt spy 0dte and lost abt 5k total before I went into googl and clbr calls. Which both dropped abt 3.5k after I bought them. But I held until they paid and they inevitably did thankfully.,"Item ID: RTI_0068

Not the most degen shit you’ll see. Went full tilt spy 0dte and lost abt 5k total before I went into googl and clbr calls. Which both dropped abt 3.5k after I bought them. But I held until they paid and they inevitably did thankfully.",wallstreetbets,2025-06-27 21:24:34,45,distributed,
RTI_0105,"Don’t worry Jimmy, this rat got off that sinking ship","Item ID: RTI_0105

Don’t worry Jimmy, this rat got off that sinking ship",wallstreetbets,2022-10-28 10:47:49,10,distributed,
RTI_0302,Nvidia’s Margin Forecast Shake-Up: How September 9-10 Set Off Alarms in the Semiconductor Sector Amid Tesla’s China Surge and Apple’s Roller,"Item ID: RTI_0302

Nvidia’s Margin Forecast Shake-Up: How September 9-10 Set Off Alarms in the Semiconductor Sector Amid Tesla’s China Surge and Apple’s Roller",wallstreetbets,2024-09-12 12:57:19,21,distributed,
RTI_0394,"First day of trading on RobinHood, pick-out a few stocks and this is what the results.","Item ID: RTI_0394

First day of trading on RobinHood, pick-out a few stocks and this is what the results.",RobinHood,2017-08-08 23:20:50,16,distributed,
RTI_0205,"This is my Roth, starting late. Thoughts? 32M. Getting a pay increase that will allow me to start contributing to my almost forgotten Roth. Largest(Oldest) position is MO @ +14.73% followed by INTC -14.54%. VOO is the smallest position at the moment but most profitable at +19.34% I am really eyeing SCHD, QQQM and thinking about VTI to replace VOO for less large cap exposure. These are not my only Roth holding, just the ones that carry dividends. Thoughts?","Item ID: RTI_0205

This is my Roth, starting late. Thoughts? 32M. Getting a pay increase that will allow me to start contributing to my almost forgotten Roth. Largest(Oldest) position is MO @ +14.73% followed by INTC -14.54%. VOO is the smallest position at the moment but most profitable at +19.34% I am really eyeing SCHD, QQQM and thinking about VTI to replace VOO for less large cap exposure. These are not my only Roth holding, just the ones that carry dividends. Thoughts?",dividends,2024-05-02 21:58:52,79,distributed,
RTI_0468,"25% ( drs by retail )+ 28% ( institutions) + 20% ( insiders) = 73% locked Current short interest: 27.7% That's 100.7% not including brokerage share. Not including any shares in brokerages, or IRAs, with the current short interest they couldn't even close if they tried. There aren't enough shares to buy back even with the shares in Computershare held by us insiders & institutions.","Item ID: RTI_0468

25% ( drs by retail )+ 28% ( institutions) + 20% ( insiders) = 73% locked Current short interest: 27.7% That's 100.7% not including brokerage share. Not including any shares in brokerages, or IRAs, with the current short interest they couldn't even close if they tried. There aren't enough shares to buy back even with the shares in Computershare held by us insiders & institutions.",Superstonk,2024-05-18 16:05:24,65,distributed,
RTI_0145,Mixed Recession Signals. Amex reports 39% growth in travel and entertainment expenditure. “Travel and entertainment spending grew 39% YoY” Amex chief executive Stephen Squeri Record level of bookings witnessed on Amex’s Resy restaurant platform! Mixed signals everywhere! Recession,"Item ID: RTI_0145

Mixed Recession Signals. Amex reports 39% growth in travel and entertainment expenditure. “Travel and entertainment spending grew 39% YoY” Amex chief executive Stephen Squeri Record level of bookings witnessed on Amex’s Resy restaurant platform! Mixed signals everywhere! Recession",StockMarket,2023-04-21 00:57:26,38,distributed,
RTI_0456,Lineup for my son - been putting in since he was born. VNQ has been hit hard since Covid,"Item ID: RTI_0456

Lineup for my son - been putting in since he was born. VNQ has been hit hard since Covid",StockMarket,2023-10-01 20:04:38,19,distributed,
RTI_0108,Airbnb. Looking for everyone's thoughts on if Airbnb will use a SPAC to come to market?,"Item ID: RTI_0108

Airbnb. Looking for everyone's thoughts on if Airbnb will use a SPAC to come to market?",SPACs,2020-07-26 03:28:43,16,distributed,
RTI_0626,Shoutout to ECB - EUR/GBP. Easy £1060 today from ECB,"Item ID: RTI_0626

Shoutout to ECB - EUR/GBP. Easy £1060 today from ECB",Forex,2023-05-04 15:59:03,10,distributed,
RTI_0146,"Appples Iron-Man Run. How is apple holding up so well when everything else to going to shit/having high volatility? I may be entirely regarded but I have such strong intuition right now that there's going to be another scare/mass sell off due to it staying to strong, am I completely misled on this? Is there some reason Buffet has been continuously selling off his apple stock and its done nothing but skyrocket? Am I schizo-posting?","Item ID: RTI_0146

Appples Iron-Man Run. How is apple holding up so well when everything else to going to shit/having high volatility? I may be entirely regarded but I have such strong intuition right now that there's going to be another scare/mass sell off due to it staying to strong, am I completely misled on this? Is there some reason Buffet has been continuously selling off his apple stock and its done nothing but skyrocket? Am I schizo-posting?",wallstreetbets,2024-08-07 18:39:44,75,distributed,
RTI_0242,Yikes. I’m regretting not selling even more now,"Item ID: RTI_0242

Yikes. I’m regretting not selling even more now",ETFs,2025-04-07 00:18:23,8,distributed,
RTI_0416,"Book purely about analysis cases. Hello I always found it useful when author provides some real cases of valuations. Like how Icahn bought Apple because of pile of cash sitting on their balance sheet. I was wondering wheter is there a book, that only contains folder of great company analyses done by some famous investors.","Item ID: RTI_0416

Book purely about analysis cases. Hello I always found it useful when author provides some real cases of valuations. Like how Icahn bought Apple because of pile of cash sitting on their balance sheet. I was wondering wheter is there a book, that only contains folder of great company analyses done by some famous investors.",ValueInvesting,2025-06-09 21:41:05,55,distributed,
RTI_0595,Failing to Deliver the FTDS😂. Love seeing all these days of “-“ for fails to deliver 😂 it’s amazing to see them becoming more and more desperate to hide what is happening here. They removed the CAT system Failing to deliver the fail to deliver data Hit piece after hit piece on MSM Bullish AF on hiding the evidence of just how fukt these shorts are 🔥💥🍻,"Item ID: RTI_0595

Failing to Deliver the FTDS😂. Love seeing all these days of “-“ for fails to deliver 😂 it’s amazing to see them becoming more and more desperate to hide what is happening here. They removed the CAT system Failing to deliver the fail to deliver data Hit piece after hit piece on MSM Bullish AF on hiding the evidence of just how fukt these shorts are 🔥💥🍻",Superstonk,2025-03-31 14:41:40,67,distributed,
RTI_0295,"How do bank stocks perform when interest rates increase?. Stocks like bank of america, citigroup, jp morgan, american express have performed well the past months when a lot of other have seen a healthy sell of during fears of inflation and increased interest rate. My question is if this normal and expected during situations like these and if that makes them a safe investment?","Item ID: RTI_0295

How do bank stocks perform when interest rates increase?. Stocks like bank of america, citigroup, jp morgan, american express have performed well the past months when a lot of other have seen a healthy sell of during fears of inflation and increased interest rate. My question is if this normal and expected during situations like these and if that makes them a safe investment?",stocks,2021-05-27 15:49:32,64,distributed,
RTI_0496,SP500 has already exceeded most EOY 2024 forecasts. Is it only down from here?,"Item ID: RTI_0496

SP500 has already exceeded most EOY 2024 forecasts. Is it only down from here?",wallstreetbets,2024-09-15 16:50:20,14,distributed,
RTI_0452,"25M, need help , new into dividends.. 1- My current portfolio, my ETFs are for the long run (minimum 10 years from now), i bought 15 stocks of Nvidia few months ago i sold the inversion and the 1700 are the benefits (it was a good buy). 2- i have think about buying 2 stocks and 2 ETFs highlighted. My strategy is having a portfolio with growth/value oriented investments mixed with safe and long run oriented dividend (3-4 % anual yeild) investments.","Item ID: RTI_0452

25M, need help , new into dividends.. 1- My current portfolio, my ETFs are for the long run (minimum 10 years from now), i bought 15 stocks of Nvidia few months ago i sold the inversion and the 1700 are the benefits (it was a good buy). 2- i have think about buying 2 stocks and 2 ETFs highlighted. My strategy is having a portfolio with growth/value oriented investments mixed with safe and long run oriented dividend (3-4 % anual yeild) investments.",dividends,2023-07-29 15:49:56,82,distributed,
RTI_0235,"Splits End of Monday?????. Apple at 125.50 and Tesla at 443.40 End of day projections? I say apple 200 easy, Tesla 650 EDIT: I got close, but not close enough, pushing these numbers to end of week. 2nd EDIT: WHAT THE FUCK!?!?","Item ID: RTI_0235

Splits End of Monday?????. Apple at 125.50 and Tesla at 443.40 End of day projections? I say apple 200 easy, Tesla 650 EDIT: I got close, but not close enough, pushing these numbers to end of week. 2nd EDIT: WHAT THE FUCK!?!?",RobinHood,2020-08-29 21:23:20,42,distributed,
RTI_0319,My first full week of trading….I might got some potential in this…🤣,"Item ID: RTI_0319

My first full week of trading….I might got some potential in this…🤣",RobinHood,2024-02-11 15:05:32,12,distributed,
RTI_0104,"Most Anticipated Earnings Releases for the week beginning October 17th, 2022","Item ID: RTI_0104

Most Anticipated Earnings Releases for the week beginning October 17th, 2022",StockMarket,2022-10-15 13:46:43,11,distributed,
RTI_0714,"People Are Scared of $O Now, And That Is Why I'm Buying!. Going to use this opportunity to get my DCA to sub $50! The newest deal with Spirit Realty will provide Realty Income with more income and long-term value. Share dilution means very little wheb you're accounting for the growth prospects. The balance sheet still looks great, and it is massively oversold, likely by AI Algo traders. Snap back to Realty. Do you know how many times NVDA, Amazon, and Apple have diluted their shares? I'm buying the dip. Edit: I have bought $579 more.","Item ID: RTI_0714

People Are Scared of $O Now, And That Is Why I'm Buying!. Going to use this opportunity to get my DCA to sub $50! The newest deal with Spirit Realty will provide Realty Income with more income and long-term value. Share dilution means very little wheb you're accounting for the growth prospects. The balance sheet still looks great, and it is massively oversold, likely by AI Algo traders. Snap back to Realty. Do you know how many times NVDA, Amazon, and Apple have diluted their shares? I'm buying the dip. Edit: I have bought $579 more.",dividends,2023-10-30 14:17:06,96,distributed,
RTI_0498,"Can you buy fractional shares with Robinhood?. For example, I have $2500 to invest and I want to evenly buy shares of google, amazon, apple, etc...with google and amazon alone at $1000, I was wondering if I could only buy half a share or something?","Item ID: RTI_0498

Can you buy fractional shares with Robinhood?. For example, I have $2500 to invest and I want to evenly buy shares of google, amazon, apple, etc...with google and amazon alone at $1000, I was wondering if I could only buy half a share or something?",RobinHood,2017-11-16 20:24:52,45,distributed,
RTI_0554,DFV stream last Friday had as many viewers as Apple right now. Crazy.,"Item ID: RTI_0554

DFV stream last Friday had as many viewers as Apple right now. Crazy.",Superstonk,2024-06-10 17:17:59,13,distributed,
RTI_0474,"Found ""Investors Stock Fund Inc"" Capital Stock Certificate From 1956. This was issued to my grandparent, who died a long time ago. It was found while clearing out my recently deceased parent's home. There is a certificate number and it references an account number. Googles says ""The ""Investors Stock Fund, Inc."" is a stock fund that was a part of Investors Diversified Services (IDS), which was originally founded in Minneapolis, Minnesota, in 1894 as Investors Syndicate. IDS was later acquired by American Express Company."" Where do I even begin with this?","Item ID: RTI_0474

Found ""Investors Stock Fund Inc"" Capital Stock Certificate From 1956. This was issued to my grandparent, who died a long time ago. It was found while clearing out my recently deceased parent's home. There is a certificate number and it references an account number. Googles says ""The ""Investors Stock Fund, Inc."" is a stock fund that was a part of Investors Diversified Services (IDS), which was originally founded in Minneapolis, Minnesota, in 1894 as Investors Syndicate. IDS was later acquired by American Express Company."" Where do I even begin with this?",stocks,2025-05-25 00:50:23,91,distributed,
RTI_0403,This company makes drinks that help reduce BAC. Company is called safety shot. It’s a pretty interesting product. I haven’t tried it yet but I did purchase some stocks,"Item ID: RTI_0403

This company makes drinks that help reduce BAC. Company is called safety shot. It’s a pretty interesting product. I haven’t tried it yet but I did purchase some stocks",RobinHood,2023-11-20 21:25:27,29,distributed,
RTI_0092,How much % of my money should I have invested?. Both my IRA and Taxable account have a combined $10k in VOO & QQQM. My American Express high yield savings account also has 10k at 4.10% yield. Would it be wise to invest more than 50% of my money at 20 years old?,"Item ID: RTI_0092

How much % of my money should I have invested?. Both my IRA and Taxable account have a combined $10k in VOO & QQQM. My American Express high yield savings account also has 10k at 4.10% yield. Would it be wise to invest more than 50% of my money at 20 years old?",ETFs,2024-10-17 01:33:46,53,distributed,
RTI_0241,iron condors and strategies for side income. I've seen this book which boasts it can teach you the the framework for generating side income. Is it any good or are there better books on a similar topic ?,"Item ID: RTI_0241

iron condors and strategies for side income. I've seen this book which boasts it can teach you the the framework for generating side income. Is it any good or are there better books on a similar topic ?",options,2022-07-07 11:35:23,38,distributed,
RTI_0247,My first trading account journal,"Item ID: RTI_0247

My first trading account journal",Forex,2023-06-02 12:17:30,5,distributed,
RTI_0576,"How to Allocate my Funds. Hello guys this is my first post, I have recently started investing in US markets, I can invest $2000 every month, with the intent to increase it by15% every year. My aim is to have monthly dividend income of what 4000$ will be after 15 years adjusting inflation. Kindly recommend how to Allocate my Funds, and if I am short of achieving my target. Below is my present portfolio. Second photo JEPQ - 30 Google- 1.3 Amazon- 0.5 Nvidia- 1.3 Total holding value in two demat accounts 7500$","Item ID: RTI_0576

How to Allocate my Funds. Hello guys this is my first post, I have recently started investing in US markets, I can invest $2000 every month, with the intent to increase it by15% every year. My aim is to have monthly dividend income of what 4000$ will be after 15 years adjusting inflation. Kindly recommend how to Allocate my Funds, and if I am short of achieving my target. Below is my present portfolio. Second photo JEPQ - 30 Google- 1.3 Amazon- 0.5 Nvidia- 1.3 Total holding value in two demat accounts 7500$",dividends,2024-09-14 22:10:18,93,distributed,
RTI_0079,"You can see a clear difference from when I just started out and bought rumor stocks to now, actually looking into companies and their potential for growth. The recent growth is also due to getting a much higher paying job for a 19 year old and being able to buy a lot more stock.","Item ID: RTI_0079

You can see a clear difference from when I just started out and bought rumor stocks to now, actually looking into companies and their potential for growth. The recent growth is also due to getting a much higher paying job for a 19 year old and being able to buy a lot more stock.",RobinHood,2017-09-11 02:17:56,54,distributed,
RTI_0660,GME currently 7.08% up 🚀,"Item ID: RTI_0660

GME currently 7.08% up 🚀",Superstonk,2025-03-25 20:10:32,5,distributed,
RTI_0728,"NPA - Bloomberg report of POTENTIAL merger with AST & Science. Now CONFIRMED Creating a space-based cellular broadband network. AST has excellent partners, with investments from Vodafon, Rakuten and American Tower. Presentation: ​ Existing shareholders Vodafone, Rakuten, American Tower and Cisneros will INCREASE their investment by buying into the Pipe transaction. ​ ​","Item ID: RTI_0728

NPA - Bloomberg report of POTENTIAL merger with AST & Science. Now CONFIRMED Creating a space-based cellular broadband network. AST has excellent partners, with investments from Vodafon, Rakuten and American Tower. Presentation: ​ Existing shareholders Vodafone, Rakuten, American Tower and Cisneros will INCREASE their investment by buying into the Pipe transaction. ​ ​",SPACs,2020-12-16 11:43:01,53,distributed,
RTI_0016,"There are still bad actors in the community trying to divide the community .. RC is a man with his own interest. No one has the right to judge how he feels, this is American were speech is a freedom. We should only judge him on his work. As of right now hes taking zero pay for doing the work as a CEO.","Item ID: RTI_0016

There are still bad actors in the community trying to divide the community .. RC is a man with his own interest. No one has the right to judge how he feels, this is American were speech is a freedom. We should only judge him on his work. As of right now hes taking zero pay for doing the work as a CEO.",Superstonk,2024-07-25 15:19:52,63,distributed,
RTI_0484,"EA not running on VPS. I have an EA which is 'GPS Forex Robot v3' and it works good hosted on my pc but when I tried to set it up on a vps it does not execute trades. I have tried amazon aws,mql5(which didn't even let me set up because of dlls) and now I am using hostwinds. I am installing them correctly. Anybody knows if I might be missing something to run the ea that might be installed on my pc and not on a vps? Edit: Solved. Was using investor (read only password) ....","Item ID: RTI_0484

EA not running on VPS. I have an EA which is 'GPS Forex Robot v3' and it works good hosted on my pc but when I tried to set it up on a vps it does not execute trades. I have tried amazon aws,mql5(which didn't even let me set up because of dlls) and now I am using hostwinds. I am installing them correctly. Anybody knows if I might be missing something to run the ea that might be installed on my pc and not on a vps? Edit: Solved. Was using investor (read only password) ....",Forex,2021-01-11 07:17:17,97,distributed,
RTI_0243,"Are charts allowed here? Here is my MMM (3M) chart as I see an opportunity. Imgur Link to Chart If MMM daily can hold the 159-161 level, it's starting to show signs of reversal and is highly like we visit 175 in the short term and possibly beyond. notfinancialadvice","Item ID: RTI_0243

Are charts allowed here? Here is my MMM (3M) chart as I see an opportunity. Imgur Link to Chart If MMM daily can hold the 159-161 level, it's starting to show signs of reversal and is highly like we visit 175 in the short term and possibly beyond. notfinancialadvice",stocks,2019-08-14 14:25:11,49,distributed,
RTI_0436,now that this weeks earnings are over. it's time to start preping for next weeks.,"Item ID: RTI_0436

now that this weeks earnings are over. it's time to start preping for next weeks.",StockMarket,2022-10-28 20:36:40,15,distributed,
RTI_0631,"When doing research on Biotech companies in Excel what categories do I search for?. For example: if I was analyzing AbbVie, what information about the company would be a good idea to transfer to the Excel sheet? How do I keep track of multiple companies at the same time? Is there a template I can follow? To simplify my question: Are there any specific books or resources I can use to learn how to analyze biotech stocks? This is very important to me so any advice is appreciated!","Item ID: RTI_0631

When doing research on Biotech companies in Excel what categories do I search for?. For example: if I was analyzing AbbVie, what information about the company would be a good idea to transfer to the Excel sheet? How do I keep track of multiple companies at the same time? Is there a template I can follow? To simplify my question: Are there any specific books or resources I can use to learn how to analyze biotech stocks? This is very important to me so any advice is appreciated!",stocks,2018-04-21 21:41:37,88,distributed,
RTI_0165,"$RDAR RAADR Retains K & J Growth Hackers, an Award-Winning App Launch Firm to Market and Grow Its User Base for Its Anti-Bullying Social Media App and Platform.","Item ID: RTI_0165

$RDAR RAADR Retains K & J Growth Hackers, an Award-Winning App Launch Firm to Market and Grow Its User Base for Its Anti-Bullying Social Media App and Platform.",pennystocks,2023-08-03 15:42:57,28,distributed,
RTI_0397,Apple is one of us,"Item ID: RTI_0397

Apple is one of us",wallstreetbets,2023-09-14 02:24:02,5,distributed,
RTI_0281,"Why SCHD dividend growth was only 3,77% in 2023 while most holdings have higher growth rates?. As in title, why SCHD dividend growth was so low in 2023, while top 10-15 stocks which are above 50% in SCHD holdings were growing at least higher that that? AVGO, TXN, ABBVIE, PEP, etc was having nearly 2x growth of SCHD, some very slower like PFE, VZ, MO but still something and despite that overall dividend growth was not impressive for the etf Am I not seeing something or bottom 50% were lagging massively?","Item ID: RTI_0281

Why SCHD dividend growth was only 3,77% in 2023 while most holdings have higher growth rates?. As in title, why SCHD dividend growth was so low in 2023, while top 10-15 stocks which are above 50% in SCHD holdings were growing at least higher that that? AVGO, TXN, ABBVIE, PEP, etc was having nearly 2x growth of SCHD, some very slower like PFE, VZ, MO but still something and despite that overall dividend growth was not impressive for the etf Am I not seeing something or bottom 50% were lagging massively?",dividends,2024-03-30 10:21:37,91,distributed,
RTI_0408,Walmart Does Something Incredible That Amazon Has No Quick Answer For,"Item ID: RTI_0408

Walmart Does Something Incredible That Amazon Has No Quick Answer For",SecurityAnalysis,2017-04-16 07:28:47,11,distributed,
RTI_0766,Lightning Emotors have worked with AMAZON?????,"Item ID: RTI_0766

Lightning Emotors have worked with AMAZON?????",SPACs,2020-12-04 19:49:02,6,distributed,
RTI_0264,"$AFL is undervalued. Massive cash reserves, and they’ve beaten their EPS on the last 4 earnings calls. Aflac is 32% below Feb high, and can reasonably reach $42 before EOY. Not the most exciting stonk, but I can’t see it failing. My position TL;DR: $AFL 40c 1/15/21","Item ID: RTI_0264

$AFL is undervalued. Massive cash reserves, and they’ve beaten their EPS on the last 4 earnings calls. Aflac is 32% below Feb high, and can reasonably reach $42 before EOY. Not the most exciting stonk, but I can’t see it failing. My position TL;DR: $AFL 40c 1/15/21",wallstreetbets,2020-08-08 19:12:14,47,distributed,
RTI_0542,The good thing about the upcoming documentary is that we’ll finally find out who the “People familiar with the matter” are 🤡🎪,"Item ID: RTI_0542

The good thing about the upcoming documentary is that we’ll finally find out who the “People familiar with the matter” are 🤡🎪",Superstonk,2023-06-02 23:12:40,22,distributed,
RTI_0164,Redditors give me your opinions. 23M. I’ve started in the end of last year (November). My main focus is growth but solid dividends too. Long term I think on retiring in Brazil. Most of my family members lives there.,"Item ID: RTI_0164

Redditors give me your opinions. 23M. I’ve started in the end of last year (November). My main focus is growth but solid dividends too. Long term I think on retiring in Brazil. Most of my family members lives there.",dividends,2024-05-06 17:38:46,39,distributed,
RTI_0265,"Just for fun: WBA increases by +5% on this news... that's the amount of its dividend lol. I know this isn't wallstreetbets, don't hit me... I was just sharing for fun. looool Walgreens said to contact potential buyers for drug chain boots. Edit. I'm strongly increasing my position on this news. This market has gone ""crazy"", and WBA could potentially have hit its bottom. Ready to bounce back?","Item ID: RTI_0265

Just for fun: WBA increases by +5% on this news... that's the amount of its dividend lol. I know this isn't wallstreetbets, don't hit me... I was just sharing for fun. looool Walgreens said to contact potential buyers for drug chain boots. Edit. I'm strongly increasing my position on this news. This market has gone ""crazy"", and WBA could potentially have hit its bottom. Ready to bounce back?",dividends,2024-05-13 13:57:56,68,distributed,
RTI_0524,"I believe you mean: ""Amazon's stock goes on sale on Prime Day for third-straight year""","Item ID: RTI_0524

I believe you mean: ""Amazon's stock goes on sale on Prime Day for third-straight year""",RobinHood,2017-07-12 11:35:14,15,distributed,
RTI_0326,"This is my portfolio and my way to trade. Hey everyone I’ve been trading from 4 months I’ve been trading daily buying stocks and selling sometimes day trade some times day after. I’m goal is 1% even if hit 0.5 % selling it same about going down in trying to hold until 3% and so far it’s works great the thing is that you shouldn’t be greedy and have to follow this procentage. I’m buying only good stocks like, Apple, Amazon, Microsoft, nvidia, with 5000 7000 $ maximum 10000. I’m open to any tips and suggestions","Item ID: RTI_0326

This is my portfolio and my way to trade. Hey everyone I’ve been trading from 4 months I’ve been trading daily buying stocks and selling sometimes day trade some times day after. I’m goal is 1% even if hit 0.5 % selling it same about going down in trying to hold until 3% and so far it’s works great the thing is that you shouldn’t be greedy and have to follow this procentage. I’m buying only good stocks like, Apple, Amazon, Microsoft, nvidia, with 5000 7000 $ maximum 10000. I’m open to any tips and suggestions",RobinHood,2023-12-28 17:53:36,96,distributed,
RTI_0280,"Suggestions for good Mid-cap and small cap ETFs. Very few of the stocks that were in top 10-20 ten years ago still retain that position because companies like Tesla, Apple and Amazon have grown. Are there any good mid cap/small cap ETF that can have a growth opportunity in future?","Item ID: RTI_0280

Suggestions for good Mid-cap and small cap ETFs. Very few of the stocks that were in top 10-20 ten years ago still retain that position because companies like Tesla, Apple and Amazon have grown. Are there any good mid cap/small cap ETF that can have a growth opportunity in future?",ETFs,2024-01-18 18:15:42,50,distributed,
RTI_0561,What's the best scanner to find stocks that close green/red x-days in a row?. I'm looking to find stocks that are due for a reversal like $LEE did 2-3m ago.,"Item ID: RTI_0561

What's the best scanner to find stocks that close green/red x-days in a row?. I'm looking to find stocks that are due for a reversal like $LEE did 2-3m ago.",stocks,2019-11-07 00:36:09,30,distributed,
RTI_0376,"401K Allocation recommendations. Hi all, I only recently decided to look into what my GF's 401k was being auto allocated to. It's been allocated to 100% AREUX, which doesn't look to be too great. She is 30 if that helps with the recommendations. Below are the options with the expense ratios/Symbols/Types etc. Thanks in advance!","Item ID: RTI_0376

401K Allocation recommendations. Hi all, I only recently decided to look into what my GF's 401k was being auto allocated to. It's been allocated to 100% AREUX, which doesn't look to be too great. She is 30 if that helps with the recommendations. Below are the options with the expense ratios/Symbols/Types etc. Thanks in advance!",ETFs,2024-07-11 00:07:23,55,distributed,
RTI_0499,"I'll get 1k soon🎉. Hi, very soon I will receive 1k in ABR, which is good, but in general my projected annual income is 13k. You can see my entire portfolio in the screenshots","Item ID: RTI_0499

I'll get 1k soon🎉. Hi, very soon I will receive 1k in ABR, which is good, but in general my projected annual income is 13k. You can see my entire portfolio in the screenshots",dividends,2024-05-20 16:10:05,34,distributed,
RTI_0219,"Simple and Safe WMT entry for all. As the title says. Walmart has been receiving nothing but great news, volume is picking up, price targets have increased. It is a turtle of a stock but plays like this are easy money imo.","Item ID: RTI_0219

Simple and Safe WMT entry for all. As the title says. Walmart has been receiving nothing but great news, volume is picking up, price targets have increased. It is a turtle of a stock but plays like this are easy money imo.",wallstreetbets,2025-06-09 19:39:03,42,distributed,
RTI_0386,AMD killing my gains. Last week my portfolio reached $305k. Massive swings this week. Sooooo much fun.,"Item ID: RTI_0386

AMD killing my gains. Last week my portfolio reached $305k. Massive swings this week. Sooooo much fun.",wallstreetbets,2025-01-11 21:17:39,17,distributed,
RTI_0200,Sorry everyone this is by first time using Reddit.. here is my positions to my previous post AM I IN TROUBLE,"Item ID: RTI_0200

Sorry everyone this is by first time using Reddit.. here is my positions to my previous post AM I IN TROUBLE",wallstreetbets,2022-10-01 14:59:49,21,distributed,
RTI_0672,"Profitable day traders? Think again.... I’ve replied to may threads on here about the struggles of intra day trading, I’ve always said people shouldn’t do it, it’s a ridiculously hard timeframe to make work. interesting to finally see a statistical paper on the subject. Sweet spot for trades, depending on volatility are 1m to 3m","Item ID: RTI_0672

Profitable day traders? Think again.... I’ve replied to may threads on here about the struggles of intra day trading, I’ve always said people shouldn’t do it, it’s a ridiculously hard timeframe to make work. interesting to finally see a statistical paper on the subject. Sweet spot for trades, depending on volatility are 1m to 3m",investing,2019-09-13 06:14:26,55,distributed,
RTI_0317,"Piper Sandler raised their price target for AMD (Advanced Micro Devices) from $82 to $100, while reiterating their Overweight rating.. Today it closed at above $85 for the first time since 6th August. Up 3.94% over today. Good news for us that bought (wrongly or rightly) at or near the recent peak that week, hoping that it can break through the 52 week high and track towards $100 by the end of the year. Likely we will have to see what Q3 earnings show us on November 3rd before we say any other significant move towards the $100 target!","Item ID: RTI_0317

Piper Sandler raised their price target for AMD (Advanced Micro Devices) from $82 to $100, while reiterating their Overweight rating.. Today it closed at above $85 for the first time since 6th August. Up 3.94% over today. Good news for us that bought (wrongly or rightly) at or near the recent peak that week, hoping that it can break through the 52 week high and track towards $100 by the end of the year. Likely we will have to see what Q3 earnings show us on November 3rd before we say any other significant move towards the $100 target!",stocks,2020-08-25 21:25:54,99,distributed,
RTI_0769,Looking for criticism for my dividend portfolio. Thinking adding AVGO as a growth potential stock that also has a history of raising dividends. I'm 34 and the goal is to grow this portfolio to $75K-100K for retirement. Input/recomendations?,"Item ID: RTI_0769

Looking for criticism for my dividend portfolio. Thinking adding AVGO as a growth potential stock that also has a history of raising dividends. I'm 34 and the goal is to grow this portfolio to $75K-100K for retirement. Input/recomendations?",dividends,2025-02-11 18:38:30,38,distributed,
RTI_0497,ETF with nominal apple stock exposer. Holding Apple's 1000 shares. Looking for growth ETF seems all growth ETF have Apple holding more than 10%.,"Item ID: RTI_0497

ETF with nominal apple stock exposer. Holding Apple's 1000 shares. Looking for growth ETF seems all growth ETF have Apple holding more than 10%.",ETFs,2024-09-03 13:37:47,24,distributed,
RTI_0149,"Position update with charts/levels & prediction for $SB. I have added to my position since my last post, Im now up to 225 contracts at an average price of 0.072 per con. Also added a couple crayon drawings, red line is the exp date of the options. $5.50 or higher by 2nd week of June","Item ID: RTI_0149

Position update with charts/levels & prediction for $SB. I have added to my position since my last post, Im now up to 225 contracts at an average price of 0.072 per con. Also added a couple crayon drawings, red line is the exp date of the options. $5.50 or higher by 2nd week of June",pennystocks,2025-02-22 20:10:51,55,distributed,
RTI_0141,"Up 3-4% in my first month.. Have BABA, MA, HMNY, and APPL. Dropped NIKE and AMD previously. Is being up 3-4% in my first month decent? I see ppl with like 20% in a month.","Item ID: RTI_0141

Up 3-4% in my first month.. Have BABA, MA, HMNY, and APPL. Dropped NIKE and AMD previously. Is being up 3-4% in my first month decent? I see ppl with like 20% in a month.",RobinHood,2017-09-22 15:36:19,35,distributed,
RTI_0102,"Summarized versions of S1 filings?. Cross posted from r/investing. S1 filings reveal a lot of insight and information about companies that are about to go public. Most of them are 150 pages or more. Door Dash just filed their S1 and there's rumors of many others filing over the coming months like Airbnb, Wish and Roblox. Looking forward to reading them but wish there were condensed versions. Does anybody know where one could find S1 filing summaries? Kind of like Coles notes version.","Item ID: RTI_0102

Summarized versions of S1 filings?. Cross posted from r/investing. S1 filings reveal a lot of insight and information about companies that are about to go public. Most of them are 150 pages or more. Door Dash just filed their S1 and there's rumors of many others filing over the coming months like Airbnb, Wish and Roblox. Looking forward to reading them but wish there were condensed versions. Does anybody know where one could find S1 filing summaries? Kind of like Coles notes version.",stocks,2020-11-16 04:14:05,83,distributed,
RTI_0779,"Warren Cohen and Charlie Cheng… 😉. For member berries lovers, here was one of my old posts:","Item ID: RTI_0779

Warren Cohen and Charlie Cheng… 😉. For member berries lovers, here was one of my old posts:",Superstonk,2024-05-30 14:34:10,17,distributed,
RTI_0269,1 week into investing. I got told buy low sell high so just bought when people said everything was crashing last week. idek,"Item ID: RTI_0269

1 week into investing. I got told buy low sell high so just bought when people said everything was crashing last week. idek",StockMarket,2024-08-16 00:43:04,23,distributed,
RTI_0447,What do you guys think about these stocks. I have been looking at different stocks and those are the ones that stuck out to Me. looking for some opinions! Thanks.🙏,"Item ID: RTI_0447

What do you guys think about these stocks. I have been looking at different stocks and those are the ones that stuck out to Me. looking for some opinions! Thanks.🙏",dividends,2025-03-15 22:15:09,30,distributed,
RTI_0390,"Big Tech - Net Income, Operating Income, and EBITDA (updated with Nvidia earnings)","Item ID: RTI_0390

Big Tech - Net Income, Operating Income, and EBITDA (updated with Nvidia earnings)",wallstreetbets,2025-02-27 00:19:09,13,distributed,
RTI_0566,"Have come a long way from 44 positions down to 18. After about 5 years in the market, realised individual stock picking is hardly worth the stress. Especially when you’re having to track 30+ companies and keep up with earnings reports. Have made a lot of progress trimming the portfolio down to just 18 holdings today. Plan to add much more funds to SCHD + SCHG , and just hang onto a few of the more stable, boring dividend companies and REITS with predictable earnings and recession resistant business models (O, STAG, , WPC, etc)","Item ID: RTI_0566

Have come a long way from 44 positions down to 18. After about 5 years in the market, realised individual stock picking is hardly worth the stress. Especially when you’re having to track 30+ companies and keep up with earnings reports. Have made a lot of progress trimming the portfolio down to just 18 holdings today. Plan to add much more funds to SCHD + SCHG , and just hang onto a few of the more stable, boring dividend companies and REITS with predictable earnings and recession resistant business models (O, STAG, , WPC, etc)",dividends,2023-09-01 18:49:12,95,distributed,
RTI_0431,"Christmas /NY spending & effect on stocks. What are your picks?. With all the Christmas/New Year spending around the corner from gifts to travel spending. I was wondering if this would be a good time to buy specific stocks for short term. Im thinking following companies may benefit - What are your thoughts? Amazon Airlines (Southwest, Jetblue, AA) BestBuy Shopify Hotel Chains Credit & Buy now pay later (Affirm) What is your thesis and experience with companies which benefit from this spending?? has this held true for you?","Item ID: RTI_0431

Christmas /NY spending & effect on stocks. What are your picks?. With all the Christmas/New Year spending around the corner from gifts to travel spending. I was wondering if this would be a good time to buy specific stocks for short term. Im thinking following companies may benefit - What are your thoughts? Amazon Airlines (Southwest, Jetblue, AA) BestBuy Shopify Hotel Chains Credit & Buy now pay later (Affirm) What is your thesis and experience with companies which benefit from this spending?? has this held true for you?",investing,2024-12-14 18:02:42,88,distributed,
RTI_0644,"My DGI Portfolio. This is my 20 positions DGI Portfolio! I'm not a yield chaser, I focus on buying great companies that growth their dividends. One position doesn't pay a dividend (AMZN) and another one pay a minute dividend. What are your thoughts?","Item ID: RTI_0644

My DGI Portfolio. This is my 20 positions DGI Portfolio! I'm not a yield chaser, I focus on buying great companies that growth their dividends. One position doesn't pay a dividend (AMZN) and another one pay a minute dividend. What are your thoughts?",dividends,2024-10-03 15:36:04,43,distributed,
RTI_0040,"When reddit is right ... NIO. Who is the next NIO?! & Travel Stocks. I’ve been combing through reddit pages over the last year trying to learn as much as possible. One thing that is incredible is how early on you were all suggesting NIO. Two questions 1) So who do you think is the next NIO? (Already bought NIO) 2) How on earth do you discover these things?! Outside reddit of course. I want to invest in travel but which ones are the best bet. Looking at TRIP, Airbnb, CCL, NCLH, TZOO, AC.","Item ID: RTI_0040

When reddit is right ... NIO. Who is the next NIO?! & Travel Stocks. I’ve been combing through reddit pages over the last year trying to learn as much as possible. One thing that is incredible is how early on you were all suggesting NIO. Two questions 1) So who do you think is the next NIO? (Already bought NIO) 2) How on earth do you discover these things?! Outside reddit of course. I want to invest in travel but which ones are the best bet. Looking at TRIP, Airbnb, CCL, NCLH, TZOO, AC.",stocks,2021-01-15 03:43:39,94,distributed,
RTI_0171,"Most Anticipated Earnings Releases for the week beginning October 31st, 2022","Item ID: RTI_0171

Most Anticipated Earnings Releases for the week beginning October 31st, 2022",StockMarket,2022-10-29 12:12:55,11,distributed,
RTI_0256,"TurboTax Premier on sale. I saw on SlickDeals that TurboTax Premier is on sale on Amazon right now for $55. Supposed original price is $89, but I saw posts on here last year that it was around $70. Apparently the Premier version is what you need to automatically upload from RH, and the CD version can import more trades (2000 v. 500). Hope this helps.","Item ID: RTI_0256

TurboTax Premier on sale. I saw on SlickDeals that TurboTax Premier is on sale on Amazon right now for $55. Supposed original price is $89, but I saw posts on here last year that it was around $70. Apparently the Premier version is what you need to automatically upload from RH, and the CD version can import more trades (2000 v. 500). Hope this helps.",RobinHood,2018-01-05 04:34:11,65,distributed,
RTI_0194,"Achieved my goal of accumulating $200,000 today! $6,500 in dividends will be achieved this month upon my next top-up. Steadily working towards reaching an annual income of $60,000.. I'm 33, have been growing this portfolio since 2017 with monthly top-ups ranging from $1000 to $2000 from both my and my wife's income.","Item ID: RTI_0194

Achieved my goal of accumulating $200,000 today! $6,500 in dividends will be achieved this month upon my next top-up. Steadily working towards reaching an annual income of $60,000.. I'm 33, have been growing this portfolio since 2017 with monthly top-ups ranging from $1000 to $2000 from both my and my wife's income.",dividends,2023-07-14 12:07:48,52,distributed,
RTI_0638,"MO - Altria 4Q20 Earnings Recap - Buyback Announced. I've done a recap of Altria's 4Q20 earnings results, as well as a dive into the risks and an updated bear case valuation. I continue to see good value as shares have essentially flat-lined for the last year despite some positive developments in the underlying business. ​","Item ID: RTI_0638

MO - Altria 4Q20 Earnings Recap - Buyback Announced. I've done a recap of Altria's 4Q20 earnings results, as well as a dive into the risks and an updated bear case valuation. I continue to see good value as shares have essentially flat-lined for the last year despite some positive developments in the underlying business. ​",ValueInvesting,2021-02-08 02:27:29,56,distributed,
RTI_0364,Don't Know what MMM did to Piss Off the Market - But it has few friends now,"Item ID: RTI_0364

Don't Know what MMM did to Piss Off the Market - But it has few friends now",StockMarket,2022-08-30 01:41:50,17,distributed,
RTI_0378,Should I keep throwing money?. I dont know what to do. I want to keep throwing money into the market. I have Microsoft stocks. I have american tower stocks. Spce stocks. Tsm stocks. I wanna keep putting money into them and keep buying shares but I have no idea how to plan this out and make goals about what stocks to keep putting into and what new stocks to keep buying. This sucks. I'm stuck. Help?,"Item ID: RTI_0378

Should I keep throwing money?. I dont know what to do. I want to keep throwing money into the market. I have Microsoft stocks. I have american tower stocks. Spce stocks. Tsm stocks. I wanna keep putting money into them and keep buying shares but I have no idea how to plan this out and make goals about what stocks to keep putting into and what new stocks to keep buying. This sucks. I'm stuck. Help?",StockMarket,2020-01-28 23:48:55,76,distributed,
RTI_0047,"Garbage Portfolio Update. Garbage Portfolio Update Monthly update for my trash portfolio. It is almost equal parts waste management and republic services inc, plus just a little visa. All three are known dividend stocks. YTD I am up about 13.29%. The sp500 YTD is up about 9.76%. Sometime in March I dumped $1000 in split 60/40 to WM/RSG, respectively. A few days ago I got my first dividend payout from WM, it was something like $3.30, I reinvested that back into WM today. One step closer to being filthy rich.","Item ID: RTI_0047

Garbage Portfolio Update. Garbage Portfolio Update Monthly update for my trash portfolio. It is almost equal parts waste management and republic services inc, plus just a little visa. All three are known dividend stocks. YTD I am up about 13.29%. The sp500 YTD is up about 9.76%. Sometime in March I dumped $1000 in split 60/40 to WM/RSG, respectively. A few days ago I got my first dividend payout from WM, it was something like $3.30, I reinvested that back into WM today. One step closer to being filthy rich.",dividends,2024-04-03 02:38:02,90,distributed,
RTI_0123,"Almost $300 in one day, love dividends!","Item ID: RTI_0123

Almost $300 in one day, love dividends!",dividends,2022-09-27 14:52:47,7,distributed,
RTI_0160,How is that possible that every stocks have the same jump of that magnitude?. Can someone explain why is all the stock have the same jump today ? Who is creating that ? And why every stock affected the same way? I understand that they were a news about a possibility of pause on tariffs but why the same reaction to every stock affected?,"Item ID: RTI_0160

How is that possible that every stocks have the same jump of that magnitude?. Can someone explain why is all the stock have the same jump today ? Who is creating that ? And why every stock affected the same way? I understand that they were a news about a possibility of pause on tariffs but why the same reaction to every stock affected?",StockMarket,2025-04-09 17:33:35,64,distributed,
RTI_0084,"MTFE Trading: Real Or Fake?. Guys... has anyone heard about this Canadian company called Metaverse Foreign Exchange Group, Inc.? It is taking my country by storm. They claim to have been operational since 2017, but they were trading physically and found more success once they incorporated AI trading. People are depositing thousands of dollars into it with 2% daily returns. Who here has had success with AI trading to convince me such daily returns are possible? They have an app in the Play Store, and their website is mtfe.ca.","Item ID: RTI_0084

MTFE Trading: Real Or Fake?. Guys... has anyone heard about this Canadian company called Metaverse Foreign Exchange Group, Inc.? It is taking my country by storm. They claim to have been operational since 2017, but they were trading physically and found more success once they incorporated AI trading. People are depositing thousands of dollars into it with 2% daily returns. Who here has had success with AI trading to convince me such daily returns are possible? They have an app in the Play Store, and their website is mtfe.ca.",Forex,2023-05-31 17:01:12,89,distributed,
RTI_0119,"Brendan Wood TopGun ETF ""BWTG"" Tops 24% In Its First 100 Days. According to its Prospectus, the ""BWTG"" portfolio aims to invest in global companies rated as TopGun investment targets by investment professionals worldwide. First quarter holdings include Amazon, ASML, Costco, Crowdstrike, Nvidia, Microsoft, Progressive, ServiceNow, Snowflake and TransDigm. ​","Item ID: RTI_0119

Brendan Wood TopGun ETF ""BWTG"" Tops 24% In Its First 100 Days. According to its Prospectus, the ""BWTG"" portfolio aims to invest in global companies rated as TopGun investment targets by investment professionals worldwide. First quarter holdings include Amazon, ASML, Costco, Crowdstrike, Nvidia, Microsoft, Progressive, ServiceNow, Snowflake and TransDigm. ​",ETFs,2024-03-08 13:28:35,50,distributed,
RTI_0002,"Accenture shares - when to sell?. I'm sitting on about 170 acn shares I bought through an employee purchase program about 10 years ago. At this point it's tripled in value. I would like to sell it off and roll it into an investment fund. Something decently aggressive, but safer than everything in one company. With it trading at 120 a share, is now a good time to pull the sell trigger? Or will it keep going up? Thoughts?","Item ID: RTI_0002

Accenture shares - when to sell?. I'm sitting on about 170 acn shares I bought through an employee purchase program about 10 years ago. At this point it's tripled in value. I would like to sell it off and roll it into an investment fund. Something decently aggressive, but safer than everything in one company. With it trading at 120 a share, is now a good time to pull the sell trigger? Or will it keep going up? Thoughts?",investing,2017-02-15 02:26:59,79,distributed,
RTI_0669,"Got a Mess On My Hands. Look.... I was kinda just throwing things in-- little research, just sending. It's messy and I know I need to 1. position myself for my age and 2. Simplify my portfolio ​ Where would you start with this spaghetti mess? I'm 28 years old. I was thinking increasing my positions on Microsoft/Apple/VIG for the next year or so for some more growth into around 15% of my portfolio. ​ VOO 33% SCHD 22% VEA 7.5% O 10% VTI 6.6% VYM 5.5% GOOGLE 4.5% MICROSOFT 4% APPLE 3.4% VIG 2.6%","Item ID: RTI_0669

Got a Mess On My Hands. Look.... I was kinda just throwing things in-- little research, just sending. It's messy and I know I need to 1. position myself for my age and 2. Simplify my portfolio ​ Where would you start with this spaghetti mess? I'm 28 years old. I was thinking increasing my positions on Microsoft/Apple/VIG for the next year or so for some more growth into around 15% of my portfolio. ​ VOO 33% SCHD 22% VEA 7.5% O 10% VTI 6.6% VYM 5.5% GOOGLE 4.5% MICROSOFT 4% APPLE 3.4% VIG 2.6%",ETFs,2023-01-17 15:37:56,95,distributed,
RTI_0290,Financials Sector Bucking the Trend (2024-06-21),"Item ID: RTI_0290

Financials Sector Bucking the Trend (2024-06-21)",StockMarket,2024-06-21 22:26:30,6,distributed,
RTI_0707,Earnings for the week of July 17th,"Item ID: RTI_0707

Earnings for the week of July 17th",wallstreetbets,2017-07-17 11:16:46,7,distributed,
RTI_0678,"Thoughts on Accenture (ACN)?. Motley Fool is recommending it as a leader in third wave of AI? The CEO, Julie Sweet, seems to be a great leader but just announced her breast cancer is back. As someone who has been through this type of cancer w my wife, I know the treatment can be very time consuming and debilitating. So I am concerned about her ability to lead right now. The company does seem to have a good place in the third wave of ai. Thoughts?","Item ID: RTI_0678

Thoughts on Accenture (ACN)?. Motley Fool is recommending it as a leader in third wave of AI? The CEO, Julie Sweet, seems to be a great leader but just announced her breast cancer is back. As someone who has been through this type of cancer w my wife, I know the treatment can be very time consuming and debilitating. So I am concerned about her ability to lead right now. The company does seem to have a good place in the third wave of ai. Thoughts?",ValueInvesting,2025-03-28 12:18:56,86,distributed,
RTI_0603,$FUBO gains. I set up a custom screener in RH to catch stuff like this and it’s working remarkably well!,"Item ID: RTI_0603

$FUBO gains. I set up a custom screener in RH to catch stuff like this and it’s working remarkably well!",pennystocks,2025-01-06 22:01:16,20,distributed,
RTI_0384,"$ACGX - announce the Company’s real estate property located at 6403 N. Wayne Ave & 1324 W. Devon Ave, Chicago, IL has been successfully sold for $3,450,000.. $ACGX - announce the Company’s real estate property located at 6403 N. Wayne Ave & 1324 W. Devon Ave, Chicago, IL has been successfully sold for $3,450,000. This sale now represents a reduction of $3,311,552 in Liabilities from the 9/30/24 Balance Sheet along with $264,243 in cash deposited in the ACGX bank account.","Item ID: RTI_0384

$ACGX - announce the Company’s real estate property located at 6403 N. Wayne Ave & 1324 W. Devon Ave, Chicago, IL has been successfully sold for $3,450,000.. $ACGX - announce the Company’s real estate property located at 6403 N. Wayne Ave & 1324 W. Devon Ave, Chicago, IL has been successfully sold for $3,450,000. This sale now represents a reduction of $3,311,552 in Liabilities from the 9/30/24 Balance Sheet along with $264,243 in cash deposited in the ACGX bank account.",pennystocks,2025-05-29 14:52:30,80,distributed,
RTI_0309,I asked a bot for a dividend list. I asked an AI bot to create a monthly dividend payout list and this is what it gave me. What do you all think?,"Item ID: RTI_0309

I asked a bot for a dividend list. I asked an AI bot to create a monthly dividend payout list and this is what it gave me. What do you all think?",dividends,2023-04-15 00:55:14,32,distributed,
RTI_0583,"What would it take for the big players like apple, microsoft etc to be replaced?. Historically speaking, the top dogs eventually do get replaced by other companies. One can say its an inevitability, but at the same time its hard to think that in 20 years google may be replaced. Companies like google have so much cash, even if there was an emerging player they usually get bought out. What would it take for a company such as google or microsoft to be replaced?","Item ID: RTI_0583

What would it take for the big players like apple, microsoft etc to be replaced?. Historically speaking, the top dogs eventually do get replaced by other companies. One can say its an inevitability, but at the same time its hard to think that in 20 years google may be replaced. Companies like google have so much cash, even if there was an emerging player they usually get bought out. What would it take for a company such as google or microsoft to be replaced?",ValueInvesting,2024-07-06 00:48:53,84,distributed,
RTI_0328,"Big Pharma. As a medical student based on what I’ve seen and converted into my investing techniques I’ve added a sufficient portion of my investments into dividend paying pharm and medical device stocks: Abbvie, Stryker, Pfizer, Medtronic’s so far have been my big dividend plays. Besides these is anyone else into Pharm, biotech or medical supplies and has something to recommend? Wouldn’t mind some small or mid caps.","Item ID: RTI_0328

Big Pharma. As a medical student based on what I’ve seen and converted into my investing techniques I’ve added a sufficient portion of my investments into dividend paying pharm and medical device stocks: Abbvie, Stryker, Pfizer, Medtronic’s so far have been my big dividend plays. Besides these is anyone else into Pharm, biotech or medical supplies and has something to recommend? Wouldn’t mind some small or mid caps.",dividends,2024-03-27 18:18:37,68,distributed,
RTI_0441,"Beware Apes: Citadel Securities new part-owner and member of the Board, Alfred Lin from Sequoia Capital, is also one of REDDIT's main owners/investors.. Citadel Securities valued at $22 billion after investment from Sequoia, Paradigm ​ https:\/\/ ​ https:\/\/ Sequoia is a Private Equity firm, they had / have stakes in a tonne of businesses, including: Reddit Nubank DoorDash Snowflake Apple FTX AirBnB Stripe Okta Square Instagram Unity Whatsapp ​ At first sight, this really doesn't bode well for Reddit and this sub in particular.","Item ID: RTI_0441

Beware Apes: Citadel Securities new part-owner and member of the Board, Alfred Lin from Sequoia Capital, is also one of REDDIT's main owners/investors.. Citadel Securities valued at $22 billion after investment from Sequoia, Paradigm ​ https:\/\/ ​ https:\/\/ Sequoia is a Private Equity firm, they had / have stakes in a tonne of businesses, including: Reddit Nubank DoorDash Snowflake Apple FTX AirBnB Stripe Okta Square Instagram Unity Whatsapp ​ At first sight, this really doesn't bode well for Reddit and this sub in particular.",Superstonk,2022-01-12 01:34:28,84,distributed,
RTI_0643,"Are Credit Card Companies (Visa, MasterCard, AmEx) Good Investments?. Hi, what are your thoughts on the short- and medium-term prospects of credit card companies like Visa, MasterCard, and American Express? Are they good investments? Would you invest in them, or do you think there are better alternatives? Thank you!""","Item ID: RTI_0643

Are Credit Card Companies (Visa, MasterCard, AmEx) Good Investments?. Hi, what are your thoughts on the short- and medium-term prospects of credit card companies like Visa, MasterCard, and American Express? Are they good investments? Would you invest in them, or do you think there are better alternatives? Thank you!""",dividends,2025-01-05 21:37:08,49,distributed,
RTI_0245,"Am I stupid for investing monthly in both VOO and VTI?. Pretty new to investing, only 24 years old. Currently I have monthly recurring purchases on VOO, VTI, QQQ, Tesla, Amazon, Google, and Nvidia. A finance buddy of mine recommended a couple and I picked the others. Looking back, I see they are going to be overlapping. Is this a bad move for long term?","Item ID: RTI_0245

Am I stupid for investing monthly in both VOO and VTI?. Pretty new to investing, only 24 years old. Currently I have monthly recurring purchases on VOO, VTI, QQQ, Tesla, Amazon, Google, and Nvidia. A finance buddy of mine recommended a couple and I picked the others. Looking back, I see they are going to be overlapping. Is this a bad move for long term?",ETFs,2025-05-22 21:48:38,65,distributed,
RTI_0533,GME Utilization via Ortex - 37.1%,"Item ID: RTI_0533

GME Utilization via Ortex - 37.1%",Superstonk,2025-05-07 20:43:06,6,distributed,
RTI_0075,AAPL Triple top on weekly into earnings! Puts time?!? 📉,"Item ID: RTI_0075

AAPL Triple top on weekly into earnings! Puts time?!? 📉",wallstreetbets,2023-05-03 05:49:27,10,distributed,
RTI_0549,"Thoughts on Abbvie (ABBV)?. The only safe haven since Jan 2022, with strong dividend. No blowout earning report in April (slight disappointment in some areas) yet still not getting beaten. What are the long term prospects with abbvie? Should I buy more?","Item ID: RTI_0549

Thoughts on Abbvie (ABBV)?. The only safe haven since Jan 2022, with strong dividend. No blowout earning report in April (slight disappointment in some areas) yet still not getting beaten. What are the long term prospects with abbvie? Should I buy more?",stocks,2022-05-21 01:48:46,42,distributed,
RTI_0406,"My boss gave me $700 to “buy the dip”, how do I invest this wisely?. The title is explanatory. I have about $1500 split between NVIDIA, SPLG, and Apple. I’m very new to all of this. I’d like to invest it in an intelligent way, but am tempted to throw it all on NVIDIA to just bring my average cost down a bit. How do would you handle this? I apologize if this is a stupid question.","Item ID: RTI_0406

My boss gave me $700 to “buy the dip”, how do I invest this wisely?. The title is explanatory. I have about $1500 split between NVIDIA, SPLG, and Apple. I’m very new to all of this. I’d like to invest it in an intelligent way, but am tempted to throw it all on NVIDIA to just bring my average cost down a bit. How do would you handle this? I apologize if this is a stupid question.",stocks,2025-04-03 22:22:20,77,distributed,
RTI_0434,Anybody else see this and just giggle???. I laughed out loud when this popped up today and my wife said “what did Cramer say now?”. I think she knows I’m kind of involved still on some days. 😉🤣🤣🤣 All I can think is how fake and corrupt our financial market is and how more people aren’t screaming this. We need changes!!!,"Item ID: RTI_0434

Anybody else see this and just giggle???. I laughed out loud when this popped up today and my wife said “what did Cramer say now?”. I think she knows I’m kind of involved still on some days. 😉🤣🤣🤣 All I can think is how fake and corrupt our financial market is and how more people aren’t screaming this. We need changes!!!",Superstonk,2024-12-20 16:43:16,61,distributed,
RTI_0381,Is there any reason why starbucks will not be in downfall today??,"Item ID: RTI_0381

Is there any reason why starbucks will not be in downfall today??",wallstreetbets,2024-10-30 14:17:13,12,distributed,
RTI_0430,M21. So far this what I got.. Been buying stocks here and there since high school but started taking it seriously last couple years. Been buying about 20-25% of my income to ETFS every week and don’t plan on stopping anytime soon.,"Item ID: RTI_0430

M21. So far this what I got.. Been buying stocks here and there since high school but started taking it seriously last couple years. Been buying about 20-25% of my income to ETFS every week and don’t plan on stopping anytime soon.",ETFs,2025-02-07 22:05:09,42,distributed,
RTI_0110,"Gretsky said ""be where the puck is going, not where it is."" Tech is where the puck is right now. Be different.","Item ID: RTI_0110

Gretsky said ""be where the puck is going, not where it is."" Tech is where the puck is right now. Be different.",wallstreetbets,2024-02-16 14:18:46,22,distributed,
RTI_0544,Buffetts comments at the annual meeting why Berkshire are selling Apple stock,"Item ID: RTI_0544

Buffetts comments at the annual meeting why Berkshire are selling Apple stock",ValueInvesting,2024-08-04 06:00:03,12,distributed,
RTI_0021,Earnings Play of The Week. $AMZN Warning: At Your Own risk. Why Amazon? Amazon has taken everything from everyone. All in on Amzn.,"Item ID: RTI_0021

Earnings Play of The Week. $AMZN Warning: At Your Own risk. Why Amazon? Amazon has taken everything from everyone. All in on Amzn.",RobinHood,2016-07-24 03:46:00,23,distributed,
RTI_0573,"401k Investments?. Hi everyone, I genuinely have no idea what I'm doing and need help. I'm 26 and enrolling in a 401k plan at work. What fund(s) would you all advise I contribute to? From the (very) limited research I've done, VFIAX seems like the best option but I would appreciate any input. Thank you so much in advance!","Item ID: RTI_0573

401k Investments?. Hi everyone, I genuinely have no idea what I'm doing and need help. I'm 26 and enrolling in a 401k plan at work. What fund(s) would you all advise I contribute to? From the (very) limited research I've done, VFIAX seems like the best option but I would appreciate any input. Thank you so much in advance!",ETFs,2024-04-17 19:21:20,59,distributed,
RTI_0202,"I can’t find a broker that sells CVR. Hello everyone, I cannot find a broker that sells $CVR. The company is called Chicago revit & machine co. Can you help me? thank you :)","Item ID: RTI_0202

I can’t find a broker that sells CVR. Hello everyone, I cannot find a broker that sells $CVR. The company is called Chicago revit & machine co. Can you help me? thank you :)",StockMarket,2025-02-14 21:25:54,34,distributed,
RTI_0003,"JPMorgan Model Shows Recession Fear in Markets Spiking Up to 79%. JPMorgan Chase & Co. says recession fears in stocks acutely tied to America's economy have spiked to nearly 80%, while credit investors remain sanguine even as funding stress threatens to build. 80%?! Nahhh, this is a for sure recession now. Media is playing it down, after tonight global tariffs and 114% tariffs on China, we are already in recession. Tonight and tomorrow is about to hurt, seeing 450 is not a joke anymore...","Item ID: RTI_0003

JPMorgan Model Shows Recession Fear in Markets Spiking Up to 79%. JPMorgan Chase & Co. says recession fears in stocks acutely tied to America's economy have spiked to nearly 80%, while credit investors remain sanguine even as funding stress threatens to build. 80%?! Nahhh, this is a for sure recession now. Media is playing it down, after tonight global tariffs and 114% tariffs on China, we are already in recession. Tonight and tomorrow is about to hurt, seeing 450 is not a joke anymore...",stocks,2025-04-08 20:36:22,84,distributed,
RTI_0167,PepsiCo $PEP and Johnson & Johnson $JNJ have outpaced $QQQ since the ETF launch in 1999 Slow and steady...,"Item ID: RTI_0167

PepsiCo $PEP and Johnson & Johnson $JNJ have outpaced $QQQ since the ETF launch in 1999 Slow and steady...",dividends,2022-11-29 14:25:04,19,distributed,
RTI_0019,Under 20$? Is there something I missed?,"Item ID: RTI_0019

Under 20$? Is there something I missed?",Superstonk,2025-02-17 21:43:48,7,distributed,
RTI_0377,"REITs / real estate bubble. If you think that at the moment we are probably in a real estate bubble, would that imply that REITs are not as attractive as they may appear at first glance? O and FRT (for example) look pretty attractive, but I'm a bit nervous that real estate may be a bit of a house of cards at the moment. Opinions?","Item ID: RTI_0377

REITs / real estate bubble. If you think that at the moment we are probably in a real estate bubble, would that imply that REITs are not as attractive as they may appear at first glance? O and FRT (for example) look pretty attractive, but I'm a bit nervous that real estate may be a bit of a house of cards at the moment. Opinions?",ValueInvesting,2025-04-06 19:26:42,65,distributed,
RTI_0677,I went up off of a put in META STOCKS,"Item ID: RTI_0677

I went up off of a put in META STOCKS",RobinHood,2024-02-06 05:21:01,10,distributed,
RTI_0322,"My portfolio. So I've been trading weedstocks for a while and I've made enough money from them that I'm scared to loose it. So I've pulled a good chunk of my money out if weed and into some recession proof stocks, was wondering if yall could rost my choices. Molson coors Altria British American tobacco Indigo books Comcast Strongbow exploration Enbridge All the best..","Item ID: RTI_0322

My portfolio. So I've been trading weedstocks for a while and I've made enough money from them that I'm scared to loose it. So I've pulled a good chunk of my money out if weed and into some recession proof stocks, was wondering if yall could rost my choices. Molson coors Altria British American tobacco Indigo books Comcast Strongbow exploration Enbridge All the best..",stocks,2017-10-18 00:15:00,64,distributed,
RTI_0516,Take it and run?. Or let it ride?,"Item ID: RTI_0516

Take it and run?. Or let it ride?",StockMarket,2024-10-18 02:46:53,8,distributed,
RTI_0268,Today is my first time manually putting money into an ETF. Feels kind of scary knowing how much 1 share is.. I'm a 32M living in the Bay Area with no kids or a house. This is my first time manually putting money from my paycheck into an ETF like this. I went with VOO since it seems really popular as a safe long-term ETF according to this subreddit. Feels like the first day of the rest of my life when it comes to financial planning.,"Item ID: RTI_0268

Today is my first time manually putting money into an ETF. Feels kind of scary knowing how much 1 share is.. I'm a 32M living in the Bay Area with no kids or a house. This is my first time manually putting money from my paycheck into an ETF like this. I went with VOO since it seems really popular as a safe long-term ETF according to this subreddit. Feels like the first day of the rest of my life when it comes to financial planning.",ETFs,2024-07-10 15:44:50,86,distributed,
RTI_0233,"It was an interesting year, but I was able to achieve my goal of 5k annualy!🎉 Sold DVN and bought XOM, so now I have more confidence about my dividends. Next goal is 500$ month and I need to work on portfolio sector diversification.","Item ID: RTI_0233

It was an interesting year, but I was able to achieve my goal of 5k annualy!🎉 Sold DVN and bought XOM, so now I have more confidence about my dividends. Next goal is 500$ month and I need to work on portfolio sector diversification.",dividends,2022-12-19 13:19:40,44,distributed,
RTI_0476,"Archer Daniels?. So I'm inheriting some Archer Daniels Stock. I will have about $25,000 worth of stock. It pays out dividends wich total about 300 per quarter. Would it be better to keep buying more Archer Daniels or branch out and buy some ETFS or another dividend stock so I'm diversified? Thanks","Item ID: RTI_0476

Archer Daniels?. So I'm inheriting some Archer Daniels Stock. I will have about $25,000 worth of stock. It pays out dividends wich total about 300 per quarter. Would it be better to keep buying more Archer Daniels or branch out and buy some ETFS or another dividend stock so I'm diversified? Thanks",investing,2016-11-10 00:41:35,52,distributed,
RTI_0208,Good or bad idea to sell my top holdings and just put it into the s&p500?,"Item ID: RTI_0208

Good or bad idea to sell my top holdings and just put it into the s&p500?",StockMarket,2024-11-22 12:32:03,16,distributed,
RTI_0577,"spy puts go in the money. happy hunting, lads","Item ID: RTI_0577

spy puts go in the money. happy hunting, lads",wallstreetbets,2025-05-23 21:02:44,9,distributed,
RTI_0082,"New Alexa Valuation Skill - Looking for feedback. Hi All - we have added a fundamental valuation skill to Alexa called ""Stock Calc"" It is a free skill - Would appreciate any feedback. The skill tells you the fundamental valuation of a stock, its price and the % difference. Ex's Alexa, American Express using Stock Calc or Alexa Atlanta Gold on the TSX using StockCalc Thanks very much","Item ID: RTI_0082

New Alexa Valuation Skill - Looking for feedback. Hi All - we have added a fundamental valuation skill to Alexa called ""Stock Calc"" It is a free skill - Would appreciate any feedback. The skill tells you the fundamental valuation of a stock, its price and the % difference. Ex's Alexa, American Express using Stock Calc or Alexa Atlanta Gold on the TSX using StockCalc Thanks very much",stocks,2019-02-13 13:40:34,68,distributed,
RTI_0667,"New Bloomberg Article. Talks GameStop ""Meme Traders"" buying into Amazon & Nvidia (Sure). Amazon & Nvidia are Top Options Plays (Puts & Calls) of Citadel & Company. Also talks Evergrande in Court & Buttcoin. FYI Bloomberg is directly tied To Citadel... See Comments for DD!","Item ID: RTI_0667

New Bloomberg Article. Talks GameStop ""Meme Traders"" buying into Amazon & Nvidia (Sure). Amazon & Nvidia are Top Options Plays (Puts & Calls) of Citadel & Company. Also talks Evergrande in Court & Buttcoin. FYI Bloomberg is directly tied To Citadel... See Comments for DD!",Superstonk,2023-12-04 13:22:21,45,distributed,
RTI_0510,Advanced Money Duplicator strikes again!,"Item ID: RTI_0510

Advanced Money Duplicator strikes again!",wallstreetbets,2023-08-02 03:01:50,5,distributed,
RTI_0501,"can someone tell me more about Home Construction stocks?. I am familiar with real estate, but I am not familiar with this industry. All I know is that its cyclical and dependent on real estate/home-buying demand. I got some names: DR Horton, and Toll Brothers. Any good intros or write ups to their business?","Item ID: RTI_0501

can someone tell me more about Home Construction stocks?. I am familiar with real estate, but I am not familiar with this industry. All I know is that its cyclical and dependent on real estate/home-buying demand. I got some names: DR Horton, and Toll Brothers. Any good intros or write ups to their business?",ValueInvesting,2025-06-07 03:07:02,54,distributed,
RTI_0396,GME Utilization via Ortex - 36.92%,"Item ID: RTI_0396

GME Utilization via Ortex - 36.92%",Superstonk,2025-05-13 21:11:39,6,distributed,
RTI_0226,"AirBnB to go public June 12: Source?. Morning Brew's May 25th email under ""What else is brewing"" notes: ​ Airbnb picked a date for its IPO: June 12. I can't seem to find any updated tech crunch articles on this... can anyone help and confirm? What is their source?","Item ID: RTI_0226

AirBnB to go public June 12: Source?. Morning Brew's May 25th email under ""What else is brewing"" notes: ​ Airbnb picked a date for its IPO: June 12. I can't seem to find any updated tech crunch articles on this... can anyone help and confirm? What is their source?",stocks,2020-05-26 23:11:15,49,distributed,
RTI_0138,Long term AAPL gains. LTBH never fails gents.,"Item ID: RTI_0138

Long term AAPL gains. LTBH never fails gents.",wallstreetbets,2025-02-04 23:59:49,8,distributed,
RTI_0207,Yolo abbvie call. Just bought 100 contracts strike of 92.50 for 1.60 each early this morning. Expire nov 17th,"Item ID: RTI_0207

Yolo abbvie call. Just bought 100 contracts strike of 92.50 for 1.60 each early this morning. Expire nov 17th",wallstreetbets,2017-11-06 18:56:08,19,distributed,
RTI_0320,$LMDX patent news! Official PR should be soon,"Item ID: RTI_0320

$LMDX patent news! Official PR should be soon",pennystocks,2023-10-31 16:30:58,8,distributed,
RTI_0030,"IMBBY vs MO or PM. Hi folks. What's your opinion on Imperial Brands (nice dividend / down 8% today) vs Altria or Philip Morris International (smaller, but still good dividends). Is this a good buying opportunity for IMBBY - or stick with the big boys? Thanks","Item ID: RTI_0030

IMBBY vs MO or PM. Hi folks. What's your opinion on Imperial Brands (nice dividend / down 8% today) vs Altria or Philip Morris International (smaller, but still good dividends). Is this a good buying opportunity for IMBBY - or stick with the big boys? Thanks",stocks,2020-02-05 15:31:46,46,distributed,
RTI_0353,52M Investment Portfolio. Have $200K in 5% treasury expiring on Oct 1…Would appreciate your thoughts on where to reinvest.,"Item ID: RTI_0353

52M Investment Portfolio. Have $200K in 5% treasury expiring on Oct 1…Would appreciate your thoughts on where to reinvest.",dividends,2024-09-06 09:47:42,19,distributed,
RTI_0294,📈📉Is the S&P 500's market breadth a sign of strength or weakness? What do you think?,"Item ID: RTI_0294

📈📉Is the S&P 500's market breadth a sign of strength or weakness? What do you think?",StockMarket,2024-06-19 22:54:27,16,distributed,
RTI_0478,guys look on the bright side no tariff on tendies,"Item ID: RTI_0478

guys look on the bright side no tariff on tendies",wallstreetbets,2025-04-03 03:16:01,10,distributed,
RTI_0560,"Indonesia wants Apple to sweeten its $100 million proposal as tech giant lobbies for iPhone 16 sales. “Apple’s iPhone 16 model doesn’t meet Indonesia’s 40% domestic content requirements for smartphones and tablets and hasn’t been granted clearance to be sold in the country. According to Indonesian state media, the government is looking for more than the $100 million in investments the American tech giant has proposed.” Source:","Item ID: RTI_0560

Indonesia wants Apple to sweeten its $100 million proposal as tech giant lobbies for iPhone 16 sales. “Apple’s iPhone 16 model doesn’t meet Indonesia’s 40% domestic content requirements for smartphones and tablets and hasn’t been granted clearance to be sold in the country. According to Indonesian state media, the government is looking for more than the $100 million in investments the American tech giant has proposed.” Source:",wallstreetbets,2024-11-22 22:43:39,67,distributed,
RTI_0541,"I bought mine from Mexico. I payed double the price and arrives in quite a long time, but cant wait!!!. I bought it a few minutes ago and cant wait to start reading it (I kinda hate that I cant buy stuff from our beloved company). Too bad Im an idiot who can read no good.","Item ID: RTI_0541

I bought mine from Mexico. I payed double the price and arrives in quite a long time, but cant wait!!!. I bought it a few minutes ago and cant wait to start reading it (I kinda hate that I cant buy stuff from our beloved company). Too bad Im an idiot who can read no good.",Superstonk,2024-01-21 14:38:13,56,distributed,
RTI_0259,"LFG, Deutschland!!. I don't know and I don't care whether it's in Euros or in USD. All I know is, BUY, DRS, BOOK HODL, SHOP, COMMENT. Shorts Never Closed, Hedgefux Are Fukt, Fuck You, Pay Me. Eat My Crusty Asshole.","Item ID: RTI_0259

LFG, Deutschland!!. I don't know and I don't care whether it's in Euros or in USD. All I know is, BUY, DRS, BOOK HODL, SHOP, COMMENT. Shorts Never Closed, Hedgefux Are Fukt, Fuck You, Pay Me. Eat My Crusty Asshole.",Superstonk,2024-06-03 06:15:57,40,distributed,
RTI_0015,"Request for market news app/subscriptions. Today a buddy of mine noticed that after hours activity changed subsequent to news of Bessents upcoming Switzerland trip and China trade talks. I missed it. It’s no where on my X feed and no where in my Apple News. I need something reliable that is up to date on the hour. Is there an app, website, or RSS you all recommend?","Item ID: RTI_0015

Request for market news app/subscriptions. Today a buddy of mine noticed that after hours activity changed subsequent to news of Bessents upcoming Switzerland trip and China trade talks. I missed it. It’s no where on my X feed and no where in my Apple News. I need something reliable that is up to date on the hour. Is there an app, website, or RSS you all recommend?",investing,2025-05-07 04:03:04,67,distributed,
RTI_0574,Thats funny.. 😂😂😂 fuk you amd pay me!!,"Item ID: RTI_0574

Thats funny.. 😂😂😂 fuk you amd pay me!!",Superstonk,2023-01-19 15:07:05,8,distributed,
RTI_0363,"Blackrock Webinar Transcript: ""No one calls their broker and says, get me the latest BlackRock, California Muni Fund or the latest BlackRock ESG fund. They say, get me Nvidia, get me Amazon, get me GameStop lately"" 🐂🐂🐂🐂🐂🐂🐂","Item ID: RTI_0363

Blackrock Webinar Transcript: ""No one calls their broker and says, get me the latest BlackRock, California Muni Fund or the latest BlackRock ESG fund. They say, get me Nvidia, get me Amazon, get me GameStop lately"" 🐂🐂🐂🐂🐂🐂🐂",Superstonk,2024-05-23 08:52:04,37,distributed,
RTI_0248,GBP/JPY. Did any of you anticipate this drop today? I did not see any indication that this could have been happening. Trying to learn from these situations :),"Item ID: RTI_0248

GBP/JPY. Did any of you anticipate this drop today? I did not see any indication that this could have been happening. Trying to learn from these situations :)",Forex,2025-07-02 14:01:50,28,distributed,
RTI_0495,Partners ... amirite?. With friends like these ...,"Item ID: RTI_0495

Partners ... amirite?. With friends like these ...",Superstonk,2024-05-24 04:59:28,8,distributed,
RTI_0162,$GOOGL -6% fup rumors Apple new AI search engine. —Alphabet (NASDAQ:GOOGL) saw a 6% drop in share value following news that Apple (NASDAQ:AAPL) is contemplating the incorporation of an AI-powered search feature in its Safari web browser. what do you guys think? If Iphone users switch to Safari search instead of Google this could be terrible fr the company. I know $Googl is not just search engine but it’s still their core business,"Item ID: RTI_0162

$GOOGL -6% fup rumors Apple new AI search engine. —Alphabet (NASDAQ:GOOGL) saw a 6% drop in share value following news that Apple (NASDAQ:AAPL) is contemplating the incorporation of an AI-powered search feature in its Safari web browser. what do you guys think? If Iphone users switch to Safari search instead of Google this could be terrible fr the company. I know $Googl is not just search engine but it’s still their core business",ValueInvesting,2025-05-07 15:50:07,73,distributed,
RTI_0198,"$SGMA update from DD post. new 13G filing. $SMGA as per my last post, I have been accumulating $SGMA for a swing from these low levels. Today they company filed a 13G showing The TCW Group, Inc has recently added 770k shares for 11.18% representation. This company has approximately $195B worth of assets, including their top positions in NVIDIA Corporation (US:NVDA) , Microsoft Corporation (US:MSFT) , Amazon.com, Inc. (US:AMZN) , ServiceNow, Inc. (US:NOW) , and Alphabet Inc. (US:GOOGL). For a company of this caliber to add a stock under $1.50 says alot imo. sec.gov/Archives/edgar/data/915358/000110465925042854/xslSCHEDULE\ 13G\ X01/primary\ doc.xml","Item ID: RTI_0198

$SGMA update from DD post. new 13G filing. $SMGA as per my last post, I have been accumulating $SGMA for a swing from these low levels. Today they company filed a 13G showing The TCW Group, Inc has recently added 770k shares for 11.18% representation. This company has approximately $195B worth of assets, including their top positions in NVIDIA Corporation (US:NVDA) , Microsoft Corporation (US:MSFT) , Amazon.com, Inc. (US:AMZN) , ServiceNow, Inc. (US:NOW) , and Alphabet Inc. (US:GOOGL). For a company of this caliber to add a stock under $1.50 says alot imo. sec.gov/Archives/edgar/data/915358/000110465925042854/xslSCHEDULE\ 13G\ X01/primary\ doc.xml",pennystocks,2025-05-01 17:33:06,97,distributed,
RTI_0705,QS.... Anyone have insight on the long term prospects for QS? Is the ride over? I DCA’d in at $65 in my Roth so I have nothing but time; however it would be nice to see some positive headlines. Seemed odd a few weeks back that an insider questioned the co & wonder if there’s more to that story. Having this holding in my Roth is my only saving grace. I’d be pulling my hair out if I had it in my brokerage account. Appreciate any insight,"Item ID: RTI_0705

QS.... Anyone have insight on the long term prospects for QS? Is the ride over? I DCA’d in at $65 in my Roth so I have nothing but time; however it would be nice to see some positive headlines. Seemed odd a few weeks back that an insider questioned the co & wonder if there’s more to that story. Having this holding in my Roth is my only saving grace. I’d be pulling my hair out if I had it in my brokerage account. Appreciate any insight",investing,2021-01-21 04:11:34,87,distributed,
RTI_0685,"Fidelity Investments can’t cover fraud hacks. My Fidelity Investments debit card was hacked a week before Thanksgiving and there were six (6) fraudulent charges on my card. I immediately contacted Fidelity and was assured the funds would be recovered and returned to my account within ten (10) days, yet here we are twenty (20) days later and they’ve yet to make me whole.","Item ID: RTI_0685

Fidelity Investments can’t cover fraud hacks. My Fidelity Investments debit card was hacked a week before Thanksgiving and there were six (6) fraudulent charges on my card. I immediately contacted Fidelity and was assured the funds would be recovered and returned to my account within ten (10) days, yet here we are twenty (20) days later and they’ve yet to make me whole.",investing,2018-12-15 18:18:37,63,distributed,
RTI_0580,"Bill Miller Interviewed in Barron's (April 23, 2021). Comments on Amazon, GM and his cryptocurrency position.","Item ID: RTI_0580

Bill Miller Interviewed in Barron's (April 23, 2021). Comments on Amazon, GM and his cryptocurrency position.",SecurityAnalysis,2021-04-23 13:05:34,16,distributed,
RTI_0531,OpenAI was valued at $29bn last month but NVDA alone bloated $300bn off its hype! Who is more regarded? OpenAI founders or tech bagholders?,"Item ID: RTI_0531

OpenAI was valued at $29bn last month but NVDA alone bloated $300bn off its hype! Who is more regarded? OpenAI founders or tech bagholders?",wallstreetbets,2023-05-17 06:10:12,24,distributed,
RTI_0512,"Most anticipated earnings releases for the week beginning September 12, 2022","Item ID: RTI_0512

Most anticipated earnings releases for the week beginning September 12, 2022",options,2022-09-10 12:41:18,11,distributed,
RTI_0692,Absolutely loaded $GLXY calls. I think the Coinbase and CRCL rallies will fuel a rotation into this recent IPO. Rate my position,"Item ID: RTI_0692

Absolutely loaded $GLXY calls. I think the Coinbase and CRCL rallies will fuel a rotation into this recent IPO. Rate my position",wallstreetbets,2025-06-24 17:51:43,22,distributed,
RTI_0591,Whats my next long term stock after reaching 1k shares in NVDA?,"Item ID: RTI_0591

Whats my next long term stock after reaching 1k shares in NVDA?",wallstreetbets,2025-06-04 12:00:38,12,distributed,
RTI_0321,Amazon and Walmart are in an all-out price war that is terrifying America’s biggest brands,"Item ID: RTI_0321

Amazon and Walmart are in an all-out price war that is terrifying America’s biggest brands",SecurityAnalysis,2017-04-21 00:52:07,15,distributed,
RTI_0700,"Does it make sense to invest in XLRE long term right now?. I’m interested in getting some exposure to real estate, but I’m unsure of the timing, are we still in a real estate bubble?","Item ID: RTI_0700

Does it make sense to invest in XLRE long term right now?. I’m interested in getting some exposure to real estate, but I’m unsure of the timing, are we still in a real estate bubble?",ValueInvesting,2025-01-15 16:50:33,35,distributed,
RTI_0592,Initial jobless claims estimates for 11/23 (225k average),"Item ID: RTI_0592

Initial jobless claims estimates for 11/23 (225k average)",wallstreetbets,2022-11-22 10:43:26,8,distributed,
RTI_0324,"Amazon, Anthem and Congress Put Drug Benefits Firms in Hot Spot","Item ID: RTI_0324

Amazon, Anthem and Congress Put Drug Benefits Firms in Hot Spot",SecurityAnalysis,2017-10-18 20:11:42,11,distributed,
RTI_0467,"Calls on hard assets. I’m very bearish on the dollar, and expect real estate/commodities, anything with a (relatively) fixed supply, to do well. I want to essentially be short the dollar and long such things. Naturally, I’ve been looking for call options (to get dollar leverage) on etfs that are high correlated to these hard assets (ETFs). Anyone know of any that have a liquid options market?","Item ID: RTI_0467

Calls on hard assets. I’m very bearish on the dollar, and expect real estate/commodities, anything with a (relatively) fixed supply, to do well. I want to essentially be short the dollar and long such things. Naturally, I’ve been looking for call options (to get dollar leverage) on etfs that are high correlated to these hard assets (ETFs). Anyone know of any that have a liquid options market?",options,2021-04-27 20:15:51,67,distributed,
RTI_0196,My whole portfolio is in this single stock.... Does anyone put all or most of their entire portfolio into a single stock? I know it's not the mainstream thinking but I am trying to go back to 90s when nobody knew anything about investing and everybody who bought hot shot stocks like Apple and Amazon became rich. I'm considering putting my entire IRA into GEV. It can potentially ride off the AI boom and climate change politics while maintaining the stability of a well established energy company. Could GEV be the next Amazon? What stock are you all in?,"Item ID: RTI_0196

My whole portfolio is in this single stock.... Does anyone put all or most of their entire portfolio into a single stock? I know it's not the mainstream thinking but I am trying to go back to 90s when nobody knew anything about investing and everybody who bought hot shot stocks like Apple and Amazon became rich. I'm considering putting my entire IRA into GEV. It can potentially ride off the AI boom and climate change politics while maintaining the stability of a well established energy company. Could GEV be the next Amazon? What stock are you all in?",stocks,2024-10-24 19:31:14,99,distributed,
RTI_0724,"What moves are we making today?. Bahahaha I know I posted yesterday sorry guys but for my update I liquidated all of my Nvidia and bought into KSCP. They recently just signed two contracts, anybody else thinking about giving in on them?","Item ID: RTI_0724

What moves are we making today?. Bahahaha I know I posted yesterday sorry guys but for my update I liquidated all of my Nvidia and bought into KSCP. They recently just signed two contracts, anybody else thinking about giving in on them?",StockMarket,2024-08-20 14:45:40,42,distributed,
RTI_0117,Exact TP hit. My entry for tonight on EUR/USD Paper Trade,"Item ID: RTI_0117

Exact TP hit. My entry for tonight on EUR/USD Paper Trade",Forex,2025-01-27 03:24:23,11,distributed,
RTI_0723,Apple Repurchases $14 Billion of Own Shares in 2 Weeks,"Item ID: RTI_0723

Apple Repurchases $14 Billion of Own Shares in 2 Weeks",SecurityAnalysis,2014-02-07 04:25:22,10,distributed,
RTI_0540,Is it okay to take a break from buying etf for a month or two?. I been on a rampage since 4/2024 buying stocks every paycheck. This month I am taking a break and possibly next month due to ongoing bills (insurance on house and car) and utility and real estate taxes. Is it okay to stop investing for a bit? I know everyone saying always keep buying but this is my worst month with bills.,"Item ID: RTI_0540

Is it okay to take a break from buying etf for a month or two?. I been on a rampage since 4/2024 buying stocks every paycheck. This month I am taking a break and possibly next month due to ongoing bills (insurance on house and car) and utility and real estate taxes. Is it okay to stop investing for a bit? I know everyone saying always keep buying but this is my worst month with bills.",ETFs,2025-05-18 12:59:07,76,distributed,
RTI_0789,"Difference between returns. Hello can someone explain to me how is it possible that some stocks or ETFs have bigger returns in USD than eur ? For example for last month Berkshire hathaway class B in USD has returns of 4,83% and the same stock in eur has returns of 2,41%.","Item ID: RTI_0789

Difference between returns. Hello can someone explain to me how is it possible that some stocks or ETFs have bigger returns in USD than eur ? For example for last month Berkshire hathaway class B in USD has returns of 4,83% and the same stock in eur has returns of 2,41%.",StockMarket,2024-05-18 15:27:51,51,distributed,
RTI_0042,"Market Close - January 6, 2023","Item ID: RTI_0042

Market Close - January 6, 2023",StockMarket,2023-01-06 21:17:34,6,distributed,
RTI_0137,"Cheaper alternative to IGM?. I would like to have a tech ETF and I like FTEC very much. However, it doesn't hold stuff like Amazon or Google. That led me to look into IGM, but it's ER of 0.46% makes no sense. What do you guys suggest? Should I pair FTEC with something? Is there a cheaper IGM out there? edit: I have considered FTEC + QQQ, but QQQ is not tech. It only looks like it right now.","Item ID: RTI_0137

Cheaper alternative to IGM?. I would like to have a tech ETF and I like FTEC very much. However, it doesn't hold stuff like Amazon or Google. That led me to look into IGM, but it's ER of 0.46% makes no sense. What do you guys suggest? Should I pair FTEC with something? Is there a cheaper IGM out there? edit: I have considered FTEC + QQQ, but QQQ is not tech. It only looks like it right now.",ETFs,2020-08-03 20:52:31,79,distributed,
RTI_0345,Love the new design of the graded card section! Includes PSA grade in bold and the current market price so you can see what a great deal you're getting!,"Item ID: RTI_0345

Love the new design of the graded card section! Includes PSA grade in bold and the current market price so you can see what a great deal you're getting!",Superstonk,2024-08-13 16:00:56,29,distributed,
RTI_0272,"index etfs with max holding weight limits?. Are there any etfs that have limits on individual holding weights, for example VUAA is currently 6.94% Microsoft, 6.28% Apple, 6.09% Nvidia, 3.63% Amazon, 2.31% Meta etc, but with let's say a ""2% weight limit"" they would all be just limited to 2% max weight in such an ETF. So far the ""closest"" one to this idea I know about is EXUS (MSCI world excluding USA)","Item ID: RTI_0272

index etfs with max holding weight limits?. Are there any etfs that have limits on individual holding weights, for example VUAA is currently 6.94% Microsoft, 6.28% Apple, 6.09% Nvidia, 3.63% Amazon, 2.31% Meta etc, but with let's say a ""2% weight limit"" they would all be just limited to 2% max weight in such an ETF. So far the ""closest"" one to this idea I know about is EXUS (MSCI world excluding USA)",ETFs,2024-07-30 07:35:39,73,distributed,
RTI_0608,"For those of you holding Real Estate, how are you doing?. For those holding a Real Estate portfolio, how are you doing? Lots of people are holding cheap mortgage debt (2-3%, 30 year fixed) and rental properties. This debt is effectively shorting the dollar, RE is a hedge against inflation the cost of debt service goes down in an inflationary environment","Item ID: RTI_0608

For those of you holding Real Estate, how are you doing?. For those holding a Real Estate portfolio, how are you doing? Lots of people are holding cheap mortgage debt (2-3%, 30 year fixed) and rental properties. This debt is effectively shorting the dollar, RE is a hedge against inflation the cost of debt service goes down in an inflationary environment",investing,2025-04-05 03:11:47,61,distributed,
RTI_0450,"Can you close a SOLD put option before expiration?. And if so how? I understand I only ever receive the initial premium on a sold Put but sometimes it would be nice to close out the option even if I lose some money back or whatnot before it gets executed and then I'm stuck holding a bag of 100 shares. Current example is I sold a put for 1/13 Apple $133, and would rather not have the risk of getting executed for 100 shares at $133.. Thanks for any help.","Item ID: RTI_0450

Can you close a SOLD put option before expiration?. And if so how? I understand I only ever receive the initial premium on a sold Put but sometimes it would be nice to close out the option even if I lose some money back or whatnot before it gets executed and then I'm stuck holding a bag of 100 shares. Current example is I sold a put for 1/13 Apple $133, and would rather not have the risk of getting executed for 100 shares at $133.. Thanks for any help.",RobinHood,2023-01-06 22:54:13,90,distributed,
RTI_0718,Any thoughts about STWD(starwood) and MO(altria)?. Would you consider both good individual stock for your portfolio?,"Item ID: RTI_0718

Any thoughts about STWD(starwood) and MO(altria)?. Would you consider both good individual stock for your portfolio?",dividends,2025-02-03 19:46:44,16,distributed,
RTI_0572,"Which fund(s) for my 401k allocations?. I’m 28F, and currently fully allocated in Fidelity Freedom Index 2060 Fund - Premier Class.","Item ID: RTI_0572

Which fund(s) for my 401k allocations?. I’m 28F, and currently fully allocated in Fidelity Freedom Index 2060 Fund - Premier Class.",ETFs,2024-11-06 16:54:20,21,distributed,
RTI_0797,"What are my non IRA investment options?. I'm looking to invest somewhere but I'm pretty dumb when it comes to understanding my options for investment. I have a 401k, an IRA, and small real estate investments, but these keep my cash locked up for long periods of time. I'd like this investment to be liquid for emergencies. Based on some light reading here VOO/VTI seems to be the way to go. Are there any traditional investment platforms that stand out from the rest? All I really know is Vanguard and Fidelity","Item ID: RTI_0797

What are my non IRA investment options?. I'm looking to invest somewhere but I'm pretty dumb when it comes to understanding my options for investment. I have a 401k, an IRA, and small real estate investments, but these keep my cash locked up for long periods of time. I'd like this investment to be liquid for emergencies. Based on some light reading here VOO/VTI seems to be the way to go. Are there any traditional investment platforms that stand out from the rest? All I really know is Vanguard and Fidelity",ETFs,2024-07-14 15:03:56,91,distributed,
RTI_0229,"3M to cut 2,000 jobs globally, slashes its 2019 profit outlook. Here are the numbers 3M reported: Earnings per share: $2.23, adjusted vs. $2.49 expected, per Refinitiv survey of analysts Revenue: $7.863 billion vs. $8.025 billion expected, per Refinitiv survey","Item ID: RTI_0229

3M to cut 2,000 jobs globally, slashes its 2019 profit outlook. Here are the numbers 3M reported: Earnings per share: $2.23, adjusted vs. $2.49 expected, per Refinitiv survey of analysts Revenue: $7.863 billion vs. $8.025 billion expected, per Refinitiv survey",stocks,2019-04-25 11:37:24,40,distributed,
RTI_0180,"Is EQQQ really worth it?. I was checking EQQQ holdings and realized that 1/3 of its portfolio is driven by Apple, Microsoft and Amazon. Don't get me wrong, EQQQ may be a promising investment and I do believe in its potential to grow. But, wouldn't be a better option to buy shares in these top 3 companies separately instead of paying a TER of 0.4%?","Item ID: RTI_0180

Is EQQQ really worth it?. I was checking EQQQ holdings and realized that 1/3 of its portfolio is driven by Apple, Microsoft and Amazon. Don't get me wrong, EQQQ may be a promising investment and I do believe in its potential to grow. But, wouldn't be a better option to buy shares in these top 3 companies separately instead of paying a TER of 0.4%?",ETFs,2020-11-13 11:33:52,65,distributed,
RTI_0568,"Next step..... I have 50% invested in Dividend stocks, 47% invested in Amazon and Google, and 3% in Cruise lines and Disney. Where should focus my investments now? View Poll","Item ID: RTI_0568

Next step..... I have 50% invested in Dividend stocks, 47% invested in Amazon and Google, and 3% in Cruise lines and Disney. Where should focus my investments now? View Poll",dividends,2023-09-24 20:47:23,30,distributed,
RTI_0355,"Algo Regulation: How far off is it & comments on the future of Algo?. I'm new to algo and to this group but extremely interested. Given the problems with Knight Capital and news-worthy incidents in 2010... Do any of you know of any potential efforts by ""the powers that be"" (re:politicians) to reign-in or regulate algo trading in any way?? What are your personal thoughts on the future of algo politically or otherwise?","Item ID: RTI_0355

Algo Regulation: How far off is it & comments on the future of Algo?. I'm new to algo and to this group but extremely interested. Given the problems with Knight Capital and news-worthy incidents in 2010... Do any of you know of any potential efforts by ""the powers that be"" (re:politicians) to reign-in or regulate algo trading in any way?? What are your personal thoughts on the future of algo politically or otherwise?",algotrading,2012-08-06 22:12:25,73,distributed,
RTI_0307,My portfolio going into 2017. ​Any thoughts on my stocks I'm about to take a position in going into 2017? Coca Cola American Express AT&T UPS Corning Facebook Netflix Amazon Visa Starbucks May put Hershey in for Corning.,"Item ID: RTI_0307

My portfolio going into 2017. ​Any thoughts on my stocks I'm about to take a position in going into 2017? Coca Cola American Express AT&T UPS Corning Facebook Netflix Amazon Visa Starbucks May put Hershey in for Corning.",investing,2016-12-29 16:59:15,38,distributed,
RTI_0715,"Coming soon to the OTC? ""Vegan Amazon"" ???. ""Vejii Holdings"" $VEJI on the CSE. This just came off a $0.35 IPO and settled straight at $0.20. The increase in volume and ground floor support seems like a decent buy? I've seen large firms sell off large positions at a loss during tax loss season so I dont think this drop is anything alarming. My canadian friend got 50,000 shares at $0.21. Kind of looks like an Amazon play but Vegan. Only source I found that explains it clearly is below. Anyone know if this is available OTC soon?","Item ID: RTI_0715

Coming soon to the OTC? ""Vegan Amazon"" ???. ""Vejii Holdings"" $VEJI on the CSE. This just came off a $0.35 IPO and settled straight at $0.20. The increase in volume and ground floor support seems like a decent buy? I've seen large firms sell off large positions at a loss during tax loss season so I dont think this drop is anything alarming. My canadian friend got 50,000 shares at $0.21. Kind of looks like an Amazon play but Vegan. Only source I found that explains it clearly is below. Anyone know if this is available OTC soon?",pennystocks,2021-11-18 04:57:30,98,distributed,
RTI_0056,SCHY and IGRO. SCHY roaring 20% and IGRO 15% YTD while US markets are slow rn. This is why diversification is important.,"Item ID: RTI_0056

SCHY and IGRO. SCHY roaring 20% and IGRO 15% YTD while US markets are slow rn. This is why diversification is important.",dividends,2025-06-30 12:36:43,22,distributed,
RTI_0708,Thoughts on Boeing?. Boeing seems to be a good buy at the moment. What do you guys think? 💭💭,"Item ID: RTI_0708

Thoughts on Boeing?. Boeing seems to be a good buy at the moment. What do you guys think? 💭💭",StockMarket,2024-06-30 19:58:09,19,distributed,
RTI_0081,"Lisa T. Su Sells 76,496 Shares of Advanced Micro Devices, Inc. (NASDAQ:AMD) Stock","Item ID: RTI_0081

Lisa T. Su Sells 76,496 Shares of Advanced Micro Devices, Inc. (NASDAQ:AMD) Stock",ValueInvesting,2024-12-19 10:34:44,13,distributed,
RTI_0538,"$RBNW One of the cheapest Pink Current. $RBNW One of the cheapest Pink Current The trips are leaving one by one Website Google Lust for Life Shoes you find in Amazon, Walmart, eBay, Overstock, and many more Total Revenue 2020 1,021M 2019 3,586M 2018 4,694M","Item ID: RTI_0538

$RBNW One of the cheapest Pink Current. $RBNW One of the cheapest Pink Current The trips are leaving one by one Website Google Lust for Life Shoes you find in Amazon, Walmart, eBay, Overstock, and many more Total Revenue 2020 1,021M 2019 3,586M 2018 4,694M",pennystocks,2021-10-15 13:24:58,45,distributed,
RTI_0623,"TUESDAY PLAYS (OPTIONS). Hope everyone had a rowdy Monday, for me not too much action got in on short puts in the morning that’s about it. I was wondering opinions on Apple 250 calls, what are the thoughts could it be a quick swing trade?","Item ID: RTI_0623

TUESDAY PLAYS (OPTIONS). Hope everyone had a rowdy Monday, for me not too much action got in on short puts in the morning that’s about it. I was wondering opinions on Apple 250 calls, what are the thoughts could it be a quick swing trade?",options,2025-02-24 19:12:10,45,distributed,
RTI_0069,"6/12/2025 GME Short Volume: 76.3M 🫨. Correct me if i’m wrong but this is the largest recorded short volume on chart exchange, even surpassing the short volume recorded from last years “price action” in may/june. Previous High: 6/7/2024 64.4M short volume on 149M total reported volume Today was 76.3M short volume on 113.2M total reported volume","Item ID: RTI_0069

6/12/2025 GME Short Volume: 76.3M 🫨. Correct me if i’m wrong but this is the largest recorded short volume on chart exchange, even surpassing the short volume recorded from last years “price action” in may/june. Previous High: 6/7/2024 64.4M short volume on 149M total reported volume Today was 76.3M short volume on 113.2M total reported volume",Superstonk,2025-06-13 01:13:31,56,distributed,
RTI_0389,"Why is my VOO portfolio not matching S&P500?. I have more than 90% of my portfolio with VOO which i bough gradually with time. However, when I see the performance of my holding against S&P500, there is a difference of 10% (S&P500 being higher). Anyone can help me understand. FYI Early on I also bought individual stocks like apple, google, meta, tesla etc along with VOO in nearly similar qty.","Item ID: RTI_0389

Why is my VOO portfolio not matching S&P500?. I have more than 90% of my portfolio with VOO which i bough gradually with time. However, when I see the performance of my holding against S&P500, there is a difference of 10% (S&P500 being higher). Anyone can help me understand. FYI Early on I also bought individual stocks like apple, google, meta, tesla etc along with VOO in nearly similar qty.",ETFs,2025-01-25 19:05:40,70,distributed,
RTI_0230,Can anybody explain this pattern to me?. (XBIL) pays a monthly dividend. That’s the only thing I can think of that we’re produce a pattern like this. Thoughts and insights welcome.,"Item ID: RTI_0230

Can anybody explain this pattern to me?. (XBIL) pays a monthly dividend. That’s the only thing I can think of that we’re produce a pattern like this. Thoughts and insights welcome.",dividends,2024-06-01 12:11:46,31,distributed,
RTI_0765,"7th birthday of the dividend portfolio 😎. After years of reinvestment and deposits, I reached the amount I set myself at the beginning of the journey - 1k per month I will need more time for my biggest goal, but I like what I achieved in 7 years","Item ID: RTI_0765

7th birthday of the dividend portfolio 😎. After years of reinvestment and deposits, I reached the amount I set myself at the beginning of the journey - 1k per month I will need more time for my biggest goal, but I like what I achieved in 7 years",dividends,2024-11-13 13:00:14,48,distributed,
RTI_0276,"Most Anticipated Earnings Releases for the week beginning January 30th, 2023. Most Anticipated Earnings Releases for the week beginning January 23rd, 2023 Get a jump on the week... Get a jump on the week...","Item ID: RTI_0276

Most Anticipated Earnings Releases for the week beginning January 30th, 2023. Most Anticipated Earnings Releases for the week beginning January 23rd, 2023 Get a jump on the week... Get a jump on the week...",wallstreetbets,2023-01-30 04:58:44,34,distributed,
RTI_0755,Revolut's Robo-Advisor Risk 5/5 Suggests This Portfolio—What Are Your Thoughts?,"Item ID: RTI_0755

Revolut's Robo-Advisor Risk 5/5 Suggests This Portfolio—What Are Your Thoughts?",ETFs,2024-12-30 18:06:49,10,distributed,
RTI_0428,"What are some prominent European cloud services providers, which are publicly listed ?. Sooner or later, non-USA world is going to realize the risks of depending on American cloud providers, similar to how Starlink is proving to be, in Ukraine. What cloud providers of European origin I could look at for investing that could take over from the likes of Amazon and Microsoft?","Item ID: RTI_0428

What are some prominent European cloud services providers, which are publicly listed ?. Sooner or later, non-USA world is going to realize the risks of depending on American cloud providers, similar to how Starlink is proving to be, in Ukraine. What cloud providers of European origin I could look at for investing that could take over from the likes of Amazon and Microsoft?",investing,2025-03-07 01:28:39,63,distributed,
RTI_0402,"Most Anticipated Earnings Releases for the week beginning January 23rd, 2023","Item ID: RTI_0402

Most Anticipated Earnings Releases for the week beginning January 23rd, 2023",StockMarket,2023-01-21 13:06:17,11,distributed,
RTI_0260,Nasdaq.com is randomly flashing $27.67 closing price for a date in the future 8/9/2024...WTF. Since around 11:30 AM EST Nasdaq.com has been randomly flashing a $27.67 closing price for a date in the future- 8/9/2024. WTF,"Item ID: RTI_0260

Nasdaq.com is randomly flashing $27.67 closing price for a date in the future 8/9/2024...WTF. Since around 11:30 AM EST Nasdaq.com has been randomly flashing a $27.67 closing price for a date in the future- 8/9/2024. WTF",Superstonk,2024-05-20 17:33:38,36,distributed,
RTI_0401,"50k to fund a newly opened self directed IRA. Scale of 1-10 how we looking…. 1. Broad Market Equity Exposure: - Vanguard Total Stock Market ETF (VTI): $15,000 - Vanguard Total International Stock ETF (VXUS): $5,000 2. Sector-Specific Equity Exposure - Vanguard Information Technology ETF (VGT): $5,000 - Vanguard Real Estate Index Fund (VNQ): $5,000 3. Dividend-Focused Investments - Vanguard High Dividend Yield Index ETF (VYM): $5,000 4. Fixed Income and Cash Equivalents: - Vanguard Total Bond Market ETF (BND): $10,000 5. Individual Stocks: - Apple (AAPL): $2,500 - Microsoft (MSFT): $2,500","Item ID: RTI_0401

50k to fund a newly opened self directed IRA. Scale of 1-10 how we looking…. 1. Broad Market Equity Exposure: - Vanguard Total Stock Market ETF (VTI): $15,000 - Vanguard Total International Stock ETF (VXUS): $5,000 2. Sector-Specific Equity Exposure - Vanguard Information Technology ETF (VGT): $5,000 - Vanguard Real Estate Index Fund (VNQ): $5,000 3. Dividend-Focused Investments - Vanguard High Dividend Yield Index ETF (VYM): $5,000 4. Fixed Income and Cash Equivalents: - Vanguard Total Bond Market ETF (BND): $10,000 5. Individual Stocks: - Apple (AAPL): $2,500 - Microsoft (MSFT): $2,500",investing,2025-02-25 04:59:37,92,distributed,
RTI_0639,"Canyon Partners Co-Chairman Friedman on Commercial Real Estate, Credit Markets and Exposure to Risk","Item ID: RTI_0639

Canyon Partners Co-Chairman Friedman on Commercial Real Estate, Credit Markets and Exposure to Risk",SecurityAnalysis,2019-03-16 16:10:54,14,distributed,
RTI_0239,Voo is dropping today becuase I lump sum. Enjoy the dip everyone!,"Item ID: RTI_0239

Voo is dropping today becuase I lump sum. Enjoy the dip everyone!",ETFs,2025-06-17 23:00:13,12,distributed,
RTI_0366,"Top 3 most active stock again！. Buy, hold, DRS","Item ID: RTI_0366

Top 3 most active stock again！. Buy, hold, DRS",Superstonk,2024-06-12 20:10:27,9,distributed,
RTI_0330,"NVDA Cool Off?. I’ll just start with that I’m a bulliever in rotations. NVDA has caught the markets attention for a little over the last year. I remain turbo bullish in equities but I think it’s time for some of the Megacaps to play catch up. I’m looking at Microsoft, Amazon and Apple in particular. I think these tech giants go on some face ripping rallies while NVDA chops for a bit. Positions AMZN $235 12/20/24 AAPL $ 220 12/20/2024 MSFT $525 12/20/2024","Item ID: RTI_0330

NVDA Cool Off?. I’ll just start with that I’m a bulliever in rotations. NVDA has caught the markets attention for a little over the last year. I remain turbo bullish in equities but I think it’s time for some of the Megacaps to play catch up. I’m looking at Microsoft, Amazon and Apple in particular. I think these tech giants go on some face ripping rallies while NVDA chops for a bit. Positions AMZN $235 12/20/24 AAPL $ 220 12/20/2024 MSFT $525 12/20/2024",wallstreetbets,2024-06-08 04:59:28,83,distributed,
RTI_0096,Morningstar data on the top 15 wealth destroying funds over the last 10 years:,"Item ID: RTI_0096

Morningstar data on the top 15 wealth destroying funds over the last 10 years:",StockMarket,2024-02-05 20:45:39,14,distributed,
RTI_0360,Another day of JP Morgan Private talking shit on Instagram,"Item ID: RTI_0360

Another day of JP Morgan Private talking shit on Instagram",Superstonk,2024-08-31 10:48:56,10,distributed,
RTI_0013,"What would you trim in anticipation to FAAANGLU. Introducing FAAANGLU or FUNGAAAL (FB, AAPL, AMZN, AIRBNB, NFLX, GOOGL, LYFT, UBER) Keen to hear thoughts on what stocks you’re looking at selling to make way for Uber, Lyft and AirBnb. What should I remove from this bag: WMT BRK BABA NFLX FB NVDA TCEHY TEAM TWTR SHOP","Item ID: RTI_0013

What would you trim in anticipation to FAAANGLU. Introducing FAAANGLU or FUNGAAAL (FB, AAPL, AMZN, AIRBNB, NFLX, GOOGL, LYFT, UBER) Keen to hear thoughts on what stocks you’re looking at selling to make way for Uber, Lyft and AirBnb. What should I remove from this bag: WMT BRK BABA NFLX FB NVDA TCEHY TEAM TWTR SHOP",stocks,2019-02-26 12:00:52,56,distributed,
RTI_0706,"I keep investing in energy and space industries. I’m sorta really into space, so I figured I’d invest and it went really well. I’m also into nuclear energy, so I invested and it went really well. I’m thinking I’m just going to invest in the energy and space sectors for a while as part of my saving and call it that.","Item ID: RTI_0706

I keep investing in energy and space industries. I’m sorta really into space, so I figured I’d invest and it went really well. I’m also into nuclear energy, so I invested and it went really well. I’m thinking I’m just going to invest in the energy and space sectors for a while as part of my saving and call it that.",StockMarket,2025-01-04 05:58:44,61,distributed,
RTI_0210,"Newbie on Dividend Stocks. Hi guys, I’m a newbie in collecting dividend stocks, any advice on my portfolio?","Item ID: RTI_0210

Newbie on Dividend Stocks. Hi guys, I’m a newbie in collecting dividend stocks, any advice on my portfolio?",dividends,2024-11-02 15:19:26,18,distributed,
RTI_0653,Looking into Tom Lee's world,"Item ID: RTI_0653

Looking into Tom Lee's world",StockMarket,2023-05-22 18:41:38,5,distributed,
RTI_0581,"Damodaran - Apple: Thoughts on Bias, Value, Excess Cash and Dividends","Item ID: RTI_0581

Damodaran - Apple: Thoughts on Bias, Value, Excess Cash and Dividends",SecurityAnalysis,2012-03-02 20:48:49,11,distributed,
RTI_0231,American Express thoughts?. Is their business model (which I heard that is riskier) viable into 2020 and future years? Is the stock a buy? It has growth and a low PE compared with V and MA,"Item ID: RTI_0231

American Express thoughts?. Is their business model (which I heard that is riskier) viable into 2020 and future years? Is the stock a buy? It has growth and a low PE compared with V and MA",stocks,2020-01-18 16:27:13,36,distributed,
RTI_0703,Anyone used AlphaCapitalGroup?. First time buying a prop funded and the prices on this are crazy. Does anyone bought this challenge? thanks a lot,"Item ID: RTI_0703

Anyone used AlphaCapitalGroup?. First time buying a prop funded and the prices on this are crazy. Does anyone bought this challenge? thanks a lot",Forex,2025-06-13 12:19:55,24,distributed,
RTI_0686,"How to play Airbnb on second day?. I bought 250 shares of Airbnb after the IPO for $156/share. Probably should've sold at $163, but yeah, now I'm stuck. In the case that it starts to dip heavily on the second day, should I hold or sell at a loss and get out? Any thoughts?","Item ID: RTI_0686

How to play Airbnb on second day?. I bought 250 shares of Airbnb after the IPO for $156/share. Probably should've sold at $163, but yeah, now I'm stuck. In the case that it starts to dip heavily on the second day, should I hold or sell at a loss and get out? Any thoughts?",stocks,2020-12-11 09:41:20,54,distributed,
RTI_0606,"Thoughts on British American Tobacco (BTI/BATS) and Altria (MO)?. I need a cash cow and a hedge against inflation. Both companies seem undervalued, BATS arguably is cheaper. My cash flow model gives me a possible 15/20% rate of return for BATS. Risks: I know however that Biden might ban menthol cigarettes, which account for a big chunk of their American products, and the Us accounts for more than half their earnings. I guess MO is in a similar situation (?) So, what you guys think? Which one is better? Is this a good investment?","Item ID: RTI_0606

Thoughts on British American Tobacco (BTI/BATS) and Altria (MO)?. I need a cash cow and a hedge against inflation. Both companies seem undervalued, BATS arguably is cheaper. My cash flow model gives me a possible 15/20% rate of return for BATS. Risks: I know however that Biden might ban menthol cigarettes, which account for a big chunk of their American products, and the Us accounts for more than half their earnings. I guess MO is in a similar situation (?) So, what you guys think? Which one is better? Is this a good investment?",ValueInvesting,2021-12-27 08:45:51,94,distributed,
RTI_0555,Computershare Investor Center Mobile App!,"Item ID: RTI_0555

Computershare Investor Center Mobile App!",Superstonk,2025-06-25 18:08:00,5,distributed,
RTI_0116,"Reuters Report seems to think it’s a pretty good stonk 👀. So updated as of two days, Reuters seems to think we have an elite level stock on our hands, so what should we do? Sell! (According to the analysts covering GME, obviously short🤡🤡🤡)","Item ID: RTI_0116

Reuters Report seems to think it’s a pretty good stonk 👀. So updated as of two days, Reuters seems to think we have an elite level stock on our hands, so what should we do? Sell! (According to the analysts covering GME, obviously short🤡🤡🤡)",Superstonk,2023-09-12 14:30:28,44,distributed,
RTI_0652,Top 10 best performing financial dividend growth stocks in the last 10 years,"Item ID: RTI_0652

Top 10 best performing financial dividend growth stocks in the last 10 years",dividends,2023-04-23 17:06:54,13,distributed,
RTI_0691,First time investor in dividend stocks your thoughts. 1. PepsiCo (PEP) 2. Johnson & Johnson (JNJ) 3. Procter & Gamble (PG) 4. AT&T (T) 5. Realty Income (O) 6. Microsoft (MSFT) 7. Apple (AAPL) 8. Unilever (UL) 9. Vanguard (VYM) 10. Schwab (SCHD),"Item ID: RTI_0691

First time investor in dividend stocks your thoughts. 1. PepsiCo (PEP) 2. Johnson & Johnson (JNJ) 3. Procter & Gamble (PG) 4. AT&T (T) 5. Realty Income (O) 6. Microsoft (MSFT) 7. Apple (AAPL) 8. Unilever (UL) 9. Vanguard (VYM) 10. Schwab (SCHD)",dividends,2025-01-19 18:51:10,43,distributed,
RTI_0492,Institutions continue to buy the $GME dip,"Item ID: RTI_0492

Institutions continue to buy the $GME dip",Superstonk,2024-08-12 19:43:28,7,distributed,
RTI_0371,Earnings for the week of Oct 31st,"Item ID: RTI_0371

Earnings for the week of Oct 31st",wallstreetbets,2022-10-28 20:53:34,7,distributed,
RTI_0005,Walmart vs Amazon stock - which one to choose?!. An article I made concerning Walmart and Amazon stock and which one in my opinion is a better buy for the long-term. Check out my youtube channel on the main page!,"Item ID: RTI_0005

Walmart vs Amazon stock - which one to choose?!. An article I made concerning Walmart and Amazon stock and which one in my opinion is a better buy for the long-term. Check out my youtube channel on the main page!",dividends,2024-05-31 17:25:53,40,distributed,
RTI_0609,On Alphabet Inc. Can someone help me understand why Alphabet has 2 classes of shares (A and C) and which one should I invest in?,"Item ID: RTI_0609

On Alphabet Inc. Can someone help me understand why Alphabet has 2 classes of shares (A and C) and which one should I invest in?",stocks,2019-02-04 15:02:46,25,distributed,
RTI_0522,Amazon has gained less than 1% in 3 years. Is that because they keep diluting shareholders and not doing buybacks?. AMZN August 2nd 2021 closing price = $166.57 AMZN August 2nd 2024 closing price = $167.90 I'm a bagholder and all I see is constant dilution from stock based comp and no buybacks since 2022.,"Item ID: RTI_0522

Amazon has gained less than 1% in 3 years. Is that because they keep diluting shareholders and not doing buybacks?. AMZN August 2nd 2021 closing price = $166.57 AMZN August 2nd 2024 closing price = $167.90 I'm a bagholder and all I see is constant dilution from stock based comp and no buybacks since 2022.",wallstreetbets,2024-08-03 02:45:08,55,distributed,
RTI_0738,Apple options. I was thinking about 175 and 180 call options on Apple for exp on the 23rd. Would I be foolish to dive into these on Monday?,"Item ID: RTI_0738

Apple options. I was thinking about 175 and 180 call options on Apple for exp on the 23rd. Would I be foolish to dive into these on Monday?",options,2021-12-19 03:30:38,28,distributed,
RTI_0453,"This year was hard, but now I can have 3 meals a day from my dividends! Haha. My portfolio is down 1600$ this year, but dividends keep flowing. It might be not the most profitable strategy, but DGI is most comfortable for me. Hope your portfolios doing well, Merry Christmas!","Item ID: RTI_0453

This year was hard, but now I can have 3 meals a day from my dividends! Haha. My portfolio is down 1600$ this year, but dividends keep flowing. It might be not the most profitable strategy, but DGI is most comfortable for me. Hope your portfolios doing well, Merry Christmas!",dividends,2022-12-23 15:08:43,50,distributed,
RTI_0156,Have I just had insanely bad luck the last month or is the stock market going down??. I have apple and VOO which are my main ones. Ever since 2022 it feels like what was progressing really well is now only going downhill. I don’t wana lose money does anyone else whose a more seasoned investor have any advice / know wots going on ??,"Item ID: RTI_0156

Have I just had insanely bad luck the last month or is the stock market going down??. I have apple and VOO which are my main ones. Ever since 2022 it feels like what was progressing really well is now only going downhill. I don’t wana lose money does anyone else whose a more seasoned investor have any advice / know wots going on ??",RobinHood,2022-01-22 21:58:56,65,distributed,
RTI_0745,Rate My Portfolio please.. Thoughts? 30 year old rebalancing 50k USD portfolio Vti Vanguard Total Stock Market Index Fund ETF 40% VXUS Vanguard Total International Stock Index Fund ETF 20% QQQM Invesco NASDAQ 100 ETF 25% VNQ Vanguard Real Estate Index Fund ETF 10% AIQ Global X Artificial Intelligence & Technology ETF 5%,"Item ID: RTI_0745

Rate My Portfolio please.. Thoughts? 30 year old rebalancing 50k USD portfolio Vti Vanguard Total Stock Market Index Fund ETF 40% VXUS Vanguard Total International Stock Index Fund ETF 20% QQQM Invesco NASDAQ 100 ETF 25% VNQ Vanguard Real Estate Index Fund ETF 10% AIQ Global X Artificial Intelligence & Technology ETF 5%",ETFs,2023-07-19 11:40:13,53,distributed,
RTI_0798,"FedEx to Cut Global Management Jobs by More Than 10%, CEO Says","Item ID: RTI_0798

FedEx to Cut Global Management Jobs by More Than 10%, CEO Says",wallstreetbets,2023-02-01 17:53:22,12,distributed,
RTI_0471,Good Day Today. Had a good Day 🙏🏻,"Item ID: RTI_0471

Good Day Today. Had a good Day 🙏🏻",dividends,2024-05-03 23:10:28,8,distributed,
RTI_0073,"Why does the market drop like this when it closes?. I invested R500 into Nvidia on IQ Option and after the market closed it automatically closed my position to prevent more loss because I was using leverage. I lost the entire R500, not because of my stop loss but because of the app. Why does the market drop like this when it closes?","Item ID: RTI_0073

Why does the market drop like this when it closes?. I invested R500 into Nvidia on IQ Option and after the market closed it automatically closed my position to prevent more loss because I was using leverage. I lost the entire R500, not because of my stop loss but because of the app. Why does the market drop like this when it closes?",StockMarket,2024-08-08 15:26:50,63,distributed,
RTI_0161,Apple Watch App still unusable?. Hadn’t tried it for awhile but seems like it still just sticks hung at the logo and closes. Anyone have success?,"Item ID: RTI_0161

Apple Watch App still unusable?. Hadn’t tried it for awhile but seems like it still just sticks hung at the logo and closes. Anyone have success?",RobinHood,2017-11-07 14:38:50,26,distributed,
RTI_0546,"Is dollar cost averaging into US stocks a good strategy?. I currently put around 300$ bi-weekly into my investment account, and that goes into an all in one ETF. I was thinking of adding another 200$ bi-weekly into some individual US Stocks, mainly Apple, Amazon, Costco, Visa, and Berkshire. I plan on doing that for at least 20-40 years. I’m 25 years old and these are funds that I won’t need till I retire, and even then, I would be drawing very small amounts. Is dollar cost averaging into individual stocks a good investment strategy?","Item ID: RTI_0546

Is dollar cost averaging into US stocks a good strategy?. I currently put around 300$ bi-weekly into my investment account, and that goes into an all in one ETF. I was thinking of adding another 200$ bi-weekly into some individual US Stocks, mainly Apple, Amazon, Costco, Visa, and Berkshire. I plan on doing that for at least 20-40 years. I’m 25 years old and these are funds that I won’t need till I retire, and even then, I would be drawing very small amounts. Is dollar cost averaging into individual stocks a good investment strategy?",stocks,2025-03-26 18:39:49,95,distributed,
RTI_0702,Weekly Earnings Thread 2/3 - 2/7,"Item ID: RTI_0702

Weekly Earnings Thread 2/3 - 2/7",wallstreetbets,2025-01-31 14:48:46,6,distributed,
RTI_0351,"Portfolio advice. M22 currently studying part-time and working, DCA monthly. Long term investment possibly for down payment on house etc. Any advice to improve my portfolio will be greatly appreciated, always looking to learn and improve.","Item ID: RTI_0351

Portfolio advice. M22 currently studying part-time and working, DCA monthly. Long term investment possibly for down payment on house etc. Any advice to improve my portfolio will be greatly appreciated, always looking to learn and improve.",ETFs,2024-05-06 08:28:48,36,distributed,
RTI_0740,"Apple / $AAPL, the world's most popular stock in the past decade for shares trading and investing, has proven itself time after time! Its gains has held throughout this entire year","Item ID: RTI_0740

Apple / $AAPL, the world's most popular stock in the past decade for shares trading and investing, has proven itself time after time! Its gains has held throughout this entire year",wallstreetbets,2022-11-12 14:58:05,31,distributed,
RTI_0739,"Companies with pricing power and dividend growth. Hi I have been trying to find companies to add to my dividend portfolio. I am currently looking at companies with pricing power and companies with a dividend increase CAGR above 5 percent in the past 5,10,15 years( annualized). I would prefer companies to have great free cash flow as well. If anyone has Canadian or American stock suggestions I appreciate it.","Item ID: RTI_0739

Companies with pricing power and dividend growth. Hi I have been trying to find companies to add to my dividend portfolio. I am currently looking at companies with pricing power and companies with a dividend increase CAGR above 5 percent in the past 5,10,15 years( annualized). I would prefer companies to have great free cash flow as well. If anyone has Canadian or American stock suggestions I appreciate it.",dividends,2021-11-25 01:06:01,69,distributed,
